1;po;713007311837536257;cs;Thu Mar 24 15:19:24 CET 2016;SP ÄŒR: Novela trestnÃ­ho Å™Ã¡du a zavedenÃ­ trestnosti pÅ™Ã­pravy krÃ¡cenÃ­ danÃ­ jsou nebezpeÄnÃ©: Svaz prÅ¯myslu a dopravy ÄŒR (SP ÄŒR) upozorÅˆuje naâ€¦
1;po;713013319364321280;cs;Thu Mar 24 15:43:17 CET 2016;O propuÅ¡tÄ›nÃ© lidi z hanuÅ¡ovickÃ½ch strojÃ­ren se uÅ¾ pere konkurence: AÅ¾ stovky zamÄ›stnancÅ¯ strojÃ­renskÃ©ho koncernuâ€¦ #Olomouc_Olomouc_zprÃ¡vy
1;po;713013453842210816;cs;Thu Mar 24 15:43:49 CET 2016;Hodina a pÅ¯l zbÃ½vÃ¡ do ÃºvodnÃ­ho buly 6. ÄŒF  #playoff  #telh mezi @MountfieldHK a @bkboleslav. PojÄme hoÅ¡i vrÃ¡tit sÃ©rii domÅ¯ !  #verime
1;po;713013035682684928;cs;Thu Mar 24 15:42:09 CET 2016;RT @pravyprostor: Hamburk: PÄ›tice ArabÅ¯ znÃ¡silnila sedmiletou holÄiÄku - 
1;po;713013107669471232;cs;Thu Mar 24 15:42:26 CET 2016;PomÃ¡hÃ¡m ostatnÃ­m Å™idiÄÅ¯m:  nebezpeÄÃ­ na vozovce na JÃ¡chymovskÃ¡, Praha pomocÃ­ @waze - JezdÄ›te solidÃ¡rnÄ›. 
1;po;713012850629996544;cs;Thu Mar 24 15:41:25 CET 2016;Radovan #KaradÅ¾iÄ‡ byl mezinÃ¡rodnÃ­m soudem uznÃ¡n vinnÃ½m za genocidu bosenskÃ½ch MuslimÅ¯ ve Srebrenici 
1;kr;713013069572603904;cs;Thu Mar 24 15:42:17 CET 2016;Radovan KaradÅ¾iÄ‡ byl shledÃ¡n vinnÃ½ z genocidy v souvislosti s masakrem ve Srebrenici. Byl odsouzen na 40 let. 
1;po;713013261801795584;cs;Thu Mar 24 15:43:03 CET 2016;BÃ½valÃ½ pÅ™edÃ¡k bosenskÃ½ch SrbÅ¯ KaradÅ¾iÄ strÃ¡vÃ­ 40 let za mÅ™Ã­Å¾emi. Podle soudu v Haagu nese vinu za masakr ve Srebrenici a oblÃ©hÃ¡nÃ­ Sarajeva
1;po;713013235147005952;cs;Thu Mar 24 15:42:57 CET 2016;40 let pro KaradÅ¾iÄe. Za Srebrenici a Sarajevo, rozhodl tribiunÃ¡l - Echo24.cz via @echo24cz
1;po;713013312955527168;cs;Thu Mar 24 15:43:15 CET 2016;KaraÅ¾diÄ byl za Srebrenici odsouzen ke 40 letÅ¯m vÄ›zenÃ­ 
1;po;713013734504067072;cs;Thu Mar 24 15:44:56 CET 2016;HokejistÃ© MladÃ© Boleslavi si dnes mohou zajistit postup do semifinÃ¡le play-off extraligy. 
1;ji;713013946215768064;cs;Thu Mar 24 15:45:46 CET 2016;Dnes expiruje socharky.cz (GPR:1 , SR:1), zatÃ­m nebyla prodlouÅ¾ena. VÃ­ce na 
1;po;713013674223476737;cs;Thu Mar 24 15:44:41 CET 2016;DoplnÄ›nÃ­: KaradÅ¾iÄ‡ dostal 40 let, podle Haagu nese vinu za Srebrenici i Sarajevo 
1;kr;713013845325819904;cs;Thu Mar 24 15:45:22 CET 2016;#KaradÅ¾iÄ‡ je vinnÃ½ z genocidy v souvislosti s masakrem v Srebrenici - 
1;po;713014324625858560;cs;Thu Mar 24 15:47:16 CET 2016;RT @doprava_v_praze: âš ï¸ #Nehody ul. ÄŒuprova, HejtmÃ¡nkova, dÃ©lka 48mneprÅ¯jezdnÃ½ pruh, 2Ã—OAprobÃ­hÃ¡ vyÅ¡etÅ™ovÃ¡nÃ­ nehody, nebezpeÄÃ­2Ã—OA, â€¦ htâ€¦
1;po;713014420838989824;cs;Thu Mar 24 15:47:39 CET 2016;PrimÃ¡torka Adriana KrnÃ¡ÄovÃ¡ pÅ™ivÃ­tala dnes v Rezidenci dÄ›ti, kterÃ© se narodily v Praze letos 1.â€¦ 
1;po;713014596098007040;cs;Thu Mar 24 15:48:21 CET 2016;â€šVinen z genocidy, pÅ™Ã¡l si smrt MuslimÅ¯.â€˜ Radovana KaradÅ¾iÄ‡e odsoudili na 40 let 
1;po;713014812960227329;cs;Thu Mar 24 15:49:13 CET 2016;RT @CT24zive: KaraÅ¾diÄ byl za Srebrenici odsouzen ke 40 letÅ¯m vÄ›zenÃ­ 
1;po;713014875958743040;cs;Thu Mar 24 15:49:28 CET 2016;Dvacet mladÃ½ch ÄÃ­nskÃ½ch hokejistÅ¯ se bude pÅ™ipravovat v Praze ğŸ˜‰ 
1;po;713015036671762434;cs;Thu Mar 24 15:50:06 CET 2016;V EvropÄ› zÅ™ejmÄ› ÃºtoÄÃ­ nejvÄ›tÅ¡Ã­ teroristickÃ¡ buÅˆka, se kterou se kontinent setkal, varujÃ­ experti 
1;ji;713015198374838276;cs;Thu Mar 24 15:50:45 CET 2016;Dnes expiruje softcore.cz (GPR:0, SR:0), zatÃ­m nebyla prodlouÅ¾ena. VÃ­ce na 
1;po;713015374208438272;cs;Thu Mar 24 15:51:27 CET 2016;RT @Hrej_cz: Hry z pÅ¯vodnÃ­ho Xboxu na XO nepÅ¯jdou 
1;po;713015549022875649;cs;Thu Mar 24 15:52:08 CET 2016;RT @Periskop_Acz: Vinen. KaradÅ¾iÄ dostal za genocidu a zloÄiny proti lidskosti 40 let vÄ›zenÃ­ 
1;po;713015497520971776;cs;Thu Mar 24 15:51:56 CET 2016;UÅ¾ se nÃ¡m to blÃ­Å¾Ã­. MalÃ½ PÃ¡n je tento rok v soutÄ›Å¾i na festivalu FinÃ¡le PlzeÅˆ 2016. Program je uÅ¾ ke staÅ¾enÃ­.... 
1;po;713014923031420928;cs;Thu Mar 24 15:49:39 CET 2016;Hry z pÅ¯vodnÃ­ho Xboxu na XO nepÅ¯jdou 
1;po;713015723564658689;cs;Thu Mar 24 15:52:50 CET 2016;ZdaÅˆme nÃ¡hrady cÃ­rkvÃ­m, navrhli v parlamentu komunisti. Ministr @AndrejBabis jejich nÃ¡pad podpoÅ™il. 
1;po;713016092466233344;cs;Thu Mar 24 15:54:18 CET 2016;Z OKD pÅ¯jde 345 lidÃ­, Å™Ã­kÃ¡ ministr @jan_mladek 
1;po;713016181448421376;cs;Thu Mar 24 15:54:39 CET 2016;PÅ™ipravte hracÃ­ plochu pro pÅ™Ã­chod hvÄ›zdy.  UÅ¾ 6. 4. vlÃ©tne na led. #OO 
1;po;713016329800970241;cs;Thu Mar 24 15:55:14 CET 2016;AtentÃ¡ty v Bruselu: hromadnÃ© ruÅ¡enÃ­ letenek a mimoÅ™Ã¡dnÃ½ spoj do Prahy prostÅ™ednictvÃ­m @iDNEScz
1;po;713016331575033856;cs;Thu Mar 24 15:55:15 CET 2016;Å½alobci zruÅ¡ili stÃ­hÃ¡nÃ­ osmi firem a tÅ™Ã­ manaÅ¾erÅ¯ obvinÄ›nÃ½ch z podvodÅ¯ pÅ™i IT tendrech: NejvyÅ¡Å¡Ã­ stÃ¡tnÃ­ zastupitelstvÃ­ (NSZ)â€¦ #ZprÃ¡vy_Domov
1;po;713016756202258433;cs;Thu Mar 24 15:56:56 CET 2016;RT @mediarcz: Na Velikonoce pÅ™ijedou ÄŒÃ­Åˆani a s nimi novÃ½ KrteÄek â†’ @TBarrandov
1;po;713016383978737668;cs;Thu Mar 24 15:55:27 CET 2016;PomÃ¡hÃ¡m ostatnÃ­m Å™idiÄÅ¯m:  nebezpeÄÃ­ na vozovce na JiÅ¾nÃ­ spojka, Praha pomocÃ­ @waze - JezdÄ›te solidÃ¡rnÄ›. 
1;po;713016724136833026;cs;Thu Mar 24 15:56:48 CET 2016;Na Velikonoce pÅ™ijedou ÄŒÃ­Åˆani a s nimi novÃ½ KrteÄek â†’ @TBarrandov
1;po;713017107894513664;cs;Thu Mar 24 15:58:20 CET 2016;NepotÅ™ebujeme planÃ© Å™eÄi, reaguje Sobotka na to, Å¾e ve SnÄ›movnÄ› neproÅ¡la dohoda o Turecku: KritickÃ¡ usnesenÃ­ SnÄ›movny vÅ¯Äi postojÅ¯â€¦ #DomÃ¡cÃ­
1;po;713017117553995779;cs;Thu Mar 24 15:58:22 CET 2016;Policie dopadla trojici lupiÄÅ¯, kteÅ™Ã­ napadli seniorku. Pomohla databÃ¡ze DNA: PolicistÃ© zatÃ­m vyÄÃ­slili Å¡kodu vzniklou zâ€¦ #ÃšsteckÃ½_kraj
1;po;713017121354027008;cs;Thu Mar 24 15:58:23 CET 2016;ZemanÅ¯v ÃºÅ™ad zruÅ¡il vÄ›tÅ¡inu stÃ­hÃ¡nÃ­ v rozsÃ¡hlÃ© kauze IT zakÃ¡zek za 438 milionÅ¯: PÅ™Ã­pad se tÃ½kÃ¡ zadÃ¡vÃ¡nÃ­ veÅ™ejnÃ½ch zakÃ¡zek vâ€¦ #DomÃ¡cÃ­
1;po;713017124457820165;cs;Thu Mar 24 15:58:24 CET 2016;Provozovatel utrÅ¾enÃ© lanovky odmÃ­tl vinu za smrt muÅ¾e. Hosty varoval, aby ji nepouÅ¾Ã­vali: SoudkynÄ› jednÃ¡nÃ­ odroÄila,â€¦ #KrÃ¡lovehradeckÃ½_kraj
1;po;713017335196557312;cs;Thu Mar 24 15:59:14 CET 2016;RT @mzvcr: SetkÃ¡nÃ­ @ZaoralekL s prez.Svazu prÅ¯myslu a dopravy J.HanÃ¡kem+prez.HospodÃ¡Å™. komory V.DlouhÃ½m 
1;po;713016996229734400;cs;Thu Mar 24 15:57:53 CET 2016;RT @JakubKotalik: Radovan #Karadzic je zodpovÄ›dnÃ½ za genocidu ve Srebrenici. Dostal 40 let @ICTY 
1;sp;713017526788210688;cs;Thu Mar 24 16:00:00 CET 2016;RT @fotbalova_repre: V 68 letech zemÅ™ela fotbalovÃ¡ legenda @KNVB Johan Cruyff. RIP 
1;po;713017083295088640;cs;Thu Mar 24 15:58:14 CET 2016;SetkÃ¡nÃ­ @ZaoralekL s prez.Svazu prÅ¯myslu a dopravy J.HanÃ¡kem+prez.HospodÃ¡Å™. komory V.DlouhÃ½m 
1;ji;713017716412690434;cs;Thu Mar 24 16:00:45 CET 2016;Dnes expiruje sperky-kosmetika.cz (GPR:1 , SR:1), zatÃ­m nebyla prodlouÅ¾ena. VÃ­ce na 
1;po;713017825007239168;cs;Thu Mar 24 16:01:11 CET 2016;VIDEO: RychnovskÃ¡ radnice chce postavit novÃ½ domov pro seniory 
1;po;713017718551785472;cs;Thu Mar 24 16:00:45 CET 2016;MÃ¡me tady pro vÃ¡s dalÅ¡Ã­ velmi pÅ™Ã­jemnÃ½ rozhovor z naÅ¡ich per ) Tentokrat s hvÄ›zdou, kterÃ¡ kaÅ¾dÃ½ rok rÃ¡da tanÄÃ­ ) 
1;po;713018208387731456;cs;Thu Mar 24 16:02:42 CET 2016;RT @mzvcr: SetkÃ¡nÃ­ @ZaoralekL s prez.Svazu prÅ¯myslu a dopravy J.HanÃ¡kem+prez.HospodÃ¡Å™. komory V.DlouhÃ½m 
1;po;713018039063748608;cs;Thu Mar 24 16:02:02 CET 2016;PozvÃ¡nka: ARABFEST - Spolu - festival arabskÃ© kultury 30. 3. â€“ 3. 4. 2016 #pozvanka #arabfest #kultura
1;po;713018271000297472;cs;Thu Mar 24 16:02:57 CET 2016;Za 80 minut zaÄÃ­nÃ¡me!!! 6. ÄtvrtfinÃ¡lovÃ½ duel 17.20 #MBLvMHK   Urve Boleslav podle vÃ¡s postup?
1;po;713018297256710146;cs;Thu Mar 24 16:03:03 CET 2016;RT @piratipraha: #pirati vypsali vÃ½bÄ›rovÃ© Å™Ã­zenÃ­ na grafika pro tvorbu PirÃ¡tskÃ½ch listÅ¯. PÅ™ihlaÅ¡te se! 
1;po;713019525801844736;cs;Thu Mar 24 16:07:56 CET 2016;PÅ™i nÃ¡vÅ¡tÄ›vÄ› ÄÃ­nskÃ©ho prezidenta v ÄŒR budou bezletovÃ© zÃ³ny nad Hradem, ÃºÅ™adem vlÃ¡dy a zÃ¡mkem v LÃ¡nech. ZÃ¡kaz letu bude platit i pro drony.
1;po;713020557449699328;cs;Thu Mar 24 16:12:02 CET 2016;ProgramovÃ¡ zmÄ›na: ÄŒT sport zÃ­tra od 17:50 v pÅ™Ã­mÃ©m pÅ™enosu odvysÃ­lÃ¡ utkÃ¡nÃ­ kvalifikace na ME hrÃ¡ÄÅ¯ do 21 let ÄŒesko - LotyÅ¡sko.
1;po;713020559991422977;cs;Thu Mar 24 16:12:03 CET 2016;Dnes v pÅ™Ã¡telskÃ©m zÃ¡pase proti Skotsku v brance TomÃ¡Å¡ Koubek! #CZESCO @fotbalova_repre @FCSlovanLiberec
1;po;713021310012624900;cs;Thu Mar 24 16:15:02 CET 2016;.@bkboleslav dnes mÅ¯Å¾e v souboji s @MountfieldHK vybojovat postup do semifinÃ¡le. #MBLvMHK od 17:20 na @sportCT #TELH 
1;po;713021334381432832;cs;Thu Mar 24 16:15:08 CET 2016;Britget JonesovÃ¡ se vracÃ­. A nebude si jistÃ¡, kdo je otcem jejÃ­ho dÃ­tÄ›te: OblÃ­benÃ¡ hrdinka Bridget JonesovÃ¡, v jejÃ­chÅ¾â€¦ #ZprÃ¡vy_Kultura
1;po;713021381378707456;cs;Thu Mar 24 16:15:19 CET 2016;ÄŒtvrteÄnÃ­ filmovÃ© premiÃ©ry: Kina budou patÅ™it Olze HepnarovÃ© 
1;sp;713021283164942338;cs;Thu Mar 24 16:14:55 CET 2016;RT @jindrichsidlo: UmÅ™el Johan Cruyff... 
1;po;713021234720731136;cs;Thu Mar 24 16:14:44 CET 2016;RT @PepaKopecky: ZdaÅˆme nÃ¡hrady cÃ­rkvÃ­m, navrhli v parlamentu komunisti. Ministr @AndrejBabis jejich nÃ¡pad podpoÅ™il. 
1;po;713021626376392704;cs;Thu Mar 24 16:16:17 CET 2016;PoznÃ¡me dnes semifinÃ¡lovÃ© dvojice nebo si @MountfieldHK vybojuje sedmÃ½ zÃ¡pas? Kdo vyhraje dneÅ¡nÃ­ duel?
1;po;713021785734791168;cs;Thu Mar 24 16:16:55 CET 2016;ÄŒeÅ¡i odmÃ­tajÃ­ vlÃ¡du pevnÃ© ruky, ukÃ¡zal prÅ¯zkum. #titulky  A proto volÃ­ BabiÅ¡e...
1;po;713022043634028544;cs;Thu Mar 24 16:17:57 CET 2016;Hrad se chystÃ¡ na vzÃ¡cnou nÃ¡vÅ¡tÄ›vu z ÄŒÃ­ny. Chcete vÄ›dÄ›t, ÄÃ­m vÅ¡Ã­m ji uctÃ­? Zjistili jsme to: PÅ™Ã­pravy na vÃ½znamnou nÃ¡vÅ¡tÄ›vu prezidentaâ€¦
1;po;713021542070935553;cs;Thu Mar 24 16:15:57 CET 2016;BabiÅ¡ se poprvÃ© bojÃ­ - Echo24.cz 
1;po;713021625352978434;cs;Thu Mar 24 16:16:17 CET 2016;RT @michalhardyn: Tenhle startup znÃ¡te? NedÄ›lajÃ­ appku, ani novou sociÃ¡lnÃ­ sÃ­t. BudujÃ­ nejrychlejÅ¡Ã­ letadla https:/â€¦
1;po;713021695309819905;cs;Thu Mar 24 16:16:34 CET 2016;TeroristÅ¯m unikli. TeÄ stovky lidÃ­ ÄekajÃ­ bez dokladÅ¯ ve skladu - Echo24.cz via @echo24cz 
1;po;713022481158782976;cs;Thu Mar 24 16:19:41 CET 2016;RT @echo24cz: BÄ›lobrÃ¡dek zaÃºtoÄil: BabiÅ¡ pÅ™epsal ÄŒapÃ­ hnÃ­zdo ÃºÄelovÄ›, sniÅ¾uje kredit vlÃ¡dy  via @echo24cz 
1;po;713022570283593728;cs;Thu Mar 24 16:20:02 CET 2016;RT @michalhardyn: Tenhle startup znÃ¡te? NedÄ›lajÃ­ appku, ani novou sociÃ¡lnÃ­ sÃ­t. BudujÃ­ nejrychlejÅ¡Ã­ letadla https:/â€¦
1;po;713022254154706945;cs;Thu Mar 24 16:18:47 CET 2016;VÃ½bornÃ½ rozhovor s TomÃ¡Å¡em Weinrebem a Petrem Kazdou, reÅ¾isÃ©ry artovÃ©ho filmu JÃ¡, Olga HepnarovÃ¡ via @CRo_RadioWave 
1;po;713022704253853696;cs;Thu Mar 24 16:20:34 CET 2016;Setkani Sobotka-Hollande: boj proti terorismu, obrana, vztahy s USA i Ruskem, energetika, dohoda s TUR, pomoc Recku. 
1;po;713022916397391872;cs;Thu Mar 24 16:21:25 CET 2016;RECENZE: OscarovÃ½ Spotlight je vÄ›rohodnÃ½ thriller o zvrÃ¡cenÃ© cÃ­rkvi: KdyÅ¾ mÃ¡lo znÃ¡mÃ½ snÃ­mek Thomase McCarthyho Spotlight dostal Oscara zaâ€¦
1;po;713022932793077760;cs;Thu Mar 24 16:21:29 CET 2016;NovÃ½ KrteÄek se bude od pondÄ›lÃ­ vysÃ­lat v ÄŒÃ­nÄ›, v ÄŒR jeden dÃ­l. OdvysÃ­lÃ¡ ho TV Barrandov, kterÃ¡ je spjatÃ¡ s CEFC. 
1;po;713023071389630464;cs;Thu Mar 24 16:22:02 CET 2016;MÃ©mu oblÃ­benÃ©mu Å™eckÃ©mu reÅ¾isÃ©rovi Lanthimosovi dneska vstupuje do kin film Humr. Tady s nÃ­m rozhovor od @ivca_p: 
1;po;713023808689582080;cs;Thu Mar 24 16:24:57 CET 2016;RT @idrazan: NenÃ­ nad koment pÅ™Ã­mo z Hradu: "Naposledy byl takto cizÃ­ stÃ¡tnÃ­k v ÄŒesku vÃ­tÃ¡n v 50. Äi 60. letech," Å™ekl JindÅ™ich Forejt k 21â€¦
1;po;713024424610566144;cs;Thu Mar 24 16:27:24 CET 2016;OdpovÄ›Ä pana prezidenta na spekulace LidovÃ½ch novin: Dokud budu prezidentem, bude Ivo VelÃ­Å¡ek Å™editelem SprÃ¡vy PraÅ¾skÃ©ho hradu.
1;po;713024488745615360;cs;Thu Mar 24 16:27:40 CET 2016;Jan Jandourek: Demokracie je pomalÃ¡, je ale lepÅ¡Ã­ neÅ¾ vlÃ¡da pevnÃ© ruky a hysterickÃ© hlavy prostÅ™ednictvÃ­m @reflex_cz
1;po;713024836709269505;cs;Thu Mar 24 16:29:03 CET 2016;@Posledniskaut @iDNEScz @AndrejBabis PanÃ­ KubÃ¡tovÃ¡ to dnes zachraÅˆovala v MF ÄlÃ¡nkem o tom, Å¾e to co AB udÄ›lal bylo v te dobÄ› normÃ¡lnÃ­...
1;po;713025356052217856;cs;Thu Mar 24 16:31:06 CET 2016;RT @JiriPehe: MÅ¯j romÃ¡n TÅ™i tvÃ¡Å™e andÄ›la vychÃ¡zÃ­ po loÅˆskÃ©m vydÃ¡nÃ­ ve VelkÃ© BritÃ¡nii a USA v novÃ© edici znovu  Äesky 
1;po;713024795022082049;cs;Thu Mar 24 16:28:53 CET 2016;Aukce konÄÃ­ uÅ¾ zÃ­tra ve 22:00, pohlÃ­dejte si svÃ© pÅ™Ã­hozy, pÅ™Ã­padnÄ› projdÄ›te album jeÅ¡tÄ› jednou, jestli jste... 
1;po;713025845628166144;cs;Thu Mar 24 16:33:03 CET 2016;MinistÅ™i MarksovÃ¡ a MlÃ¡dek v KarvinÃ© ujistili, Å¾e stÃ¡t je na  propuÅ¡tÄ›nÃ­ v OKD pÅ™ipraven 
1;po;713025372330319873;cs;Thu Mar 24 16:31:10 CET 2016;RT @FLutonsky: HradnÃ­ protokolÃ¡Å™ J. Forejt: "Naposledy byl dÄ›lostÅ™eleckÃ½mi salvami vÃ­tÃ¡n cizÃ­ stÃ¡tnÃ­k v 50. nebo 60. letech."
1;po;713025851303051264;cs;Thu Mar 24 16:33:04 CET 2016;VIDEO: ZaÄÃ¡tkem bÅ™ezna odstartovalo cviÄenÃ­ ICEX 2016, kterÃ© mÃ¡ provÄ›Å™it schopnosti americkÃ½ch ponorek v ArktidÄ›... 
1;po;713026144056909824;cs;Thu Mar 24 16:34:14 CET 2016;VIDEO: RychnovskÃ© autobusovÃ© nÃ¡draÅ¾Ã­ se bude stÄ›hovat ke Kauflandu 
1;po;713026578020610048;cs;Thu Mar 24 16:35:58 CET 2016;ÄŒÃ­nskÃ½ prezident dorazÃ­ do Prahy bez manÅ¾elky. PÅ™ivÃ­tajÃ­ vÃ½stÅ™ely z dÄ›l a projde se parkem: ÄŒÃ­nskÃ½ prezident Si Å¤in-pchingâ€¦ #ZprÃ¡vy_Domov
1;po;713026579455016960;cs;Thu Mar 24 16:35:58 CET 2016;â€šNenÃ¡vidÄ›nÃ½â€™ svÄ›dek v kauze Homolka odmÃ­tl vypovÃ­dat: MÃ¡m toho dost: Obhajoba si na nÄ›m chtÄ›la smlsnout, dlouho oÄekÃ¡vanÃ½â€¦ #ZprÃ¡vy_Domov
1;po;713026584995729408;cs;Thu Mar 24 16:35:59 CET 2016;USA obvinily Ã­rÃ¡nskÃ© hackery z Ãºtoku proti bankÃ¡m a pÅ™ehradÄ›: Podle newyorskÃ©ho soudu stojÃ­ za Ãºtokem Ã­rÃ¡nskÃ© RevoluÄnÃ­ gardy. #ZahraniÄÃ­
1;po;713027139948285952;cs;Thu Mar 24 16:38:12 CET 2016;PÅ™ed chvÃ­lÃ­ zaÄala naÅ¡e pravidelnÃ¡ fotografickÃ¡ talkshow na tÃ©ma KrajinnÃ© fotografie.... 
1;po;713027499396112384;cs;Thu Mar 24 16:39:37 CET 2016;K Brexitu Å½antovskÃ½ Å™ekl, Å¾e by to byla chyba pro GB a katastrofa pro EU. VÄ›Å™Ã­, Å¾e k nÄ›mu nedojde.
1;po;713028143137861632;cs;Thu Mar 24 16:42:11 CET 2016;RT @FLutonsky: HradnÃ­ protokolÃ¡Å™ J. Forejt: "Naposledy byl dÄ›lostÅ™eleckÃ½mi salvami vÃ­tÃ¡n cizÃ­ stÃ¡tnÃ­k v 50. nebo 60. letech."
1;po;713037470221393920;cs;Thu Mar 24 17:19:15 CET 2016;NovÃ½ prÅ¯zkum: nÃ¡skok ANO pÅ™ed ÄŒSSD se zvÄ›tÅ¡il 
1;po;713037474457583616;cs;Thu Mar 24 17:19:16 CET 2016;Petra prodala rÅ¯Å¾ovÃ½ diamant za 15 milionÅ¯ dolarÅ¯ 
1;sp;713037475426484224;cs;Thu Mar 24 17:19:16 CET 2016;PÅ™edÄasnÄ› narozenÃ¡ dvojÄata: Jedna z holÄiÄek bojovala o Å¾ivot, zachrÃ¡nila ji neuvÄ›Å™itelnÃ¡ vÄ›c! 
1;po;713037896014409728;cs;Thu Mar 24 17:20:56 CET 2016;NÃ¡skok ANO na ÄŒSSD se zvÃ½Å¡il, TOP 09 je tÄ›snÄ› nad pÄ›ti procenty: Volby do PoslaneckÃ© snÄ›movny by v bÅ™eznu vyhrÃ¡lo hnutÃ­ ANO se ziskem 29â€¦
1;po;713037899369881600;cs;Thu Mar 24 17:20:57 CET 2016;MuÅ¾i vykradli pÄ›t benzinek. PÅ™epadli i seniorku, spoutali ji a Å¡krtili: Policie objasnila sÃ©rii lednovÃ½ch a ÃºnorovÃ½châ€¦ #ÃšstÃ­_ÃšstÃ­_zprÃ¡vy
1;po;713038074184409088;cs;Thu Mar 24 17:21:39 CET 2016;ZÃ¡pas #MBLvMHK prÃ¡vÄ› zaÄÃ­nÃ¡! #TELH
1;po;713038315847548928;cs;Thu Mar 24 17:22:36 CET 2016;RT @echo24cz: NÃ¡skok ANO pÅ™ed ÄŒSSD se v bÅ™eznu zvÃ½Å¡il. TOP 09 padÃ¡ - Echo24.cz via @echo24cz 
1;po;713037923914899456;cs;Thu Mar 24 17:21:03 CET 2016;StreamovanÃ¡ hudba poprvÃ© vÂ historii pÅ™ekonala standardnÃ­ prodeje. 
1;po;713038286663598080;cs;Thu Mar 24 17:22:29 CET 2016;RannÃ­ workshop bude!!! VÃ­ce informacÃ­ brzyâ€¦
1;po;713039181098786816;cs;Thu Mar 24 17:26:03 CET 2016;Ã“Äko rozjÃ­Å¾dÃ­ G2 Band Academy, ambasadorem je zakladatel Bandzone.cz 
1;po;713039008394297346;cs;Thu Mar 24 17:25:21 CET 2016;LetuÅ¡ka pronesla na terminÃ¡l 31 kilo kokainu. PÅ™i kontrole bosÃ¡ prchla - iDNES.cz 
1;po;713039729080532992;cs;Thu Mar 24 17:28:13 CET 2016;PoslednÃ­ utkÃ¡nÃ­ sezÃ³ny 2015/16 je tady. Na domÃ¡cÃ­m ledÄ› se rozlouÄÃ­me s touto sezÃ³nou s ÃºÅ™adujÃ­cÃ­m mistrem z... 
1;po;713039443217743872;cs;Thu Mar 24 17:27:05 CET 2016;Å LÃGR TV â€“ Å¾ivÃ© vysÃ­lÃ¡nÃ­ prostÅ™ednictvÃ­m @YouTube
1;po;713042913073229826;cs;Thu Mar 24 17:40:52 CET 2016;Ãšvod kvalifikace se nÃ¡m povedl na vÃ½bornou ğŸ‘ VyhrÃ¡li jsme 3:0 proti Rumunsku a podÃ­lel jsem se na vÃ½hÅ™e jednÃ­m gÃ³lem âš½ï¸  @fotbalova_repre
1;po;713042909495472129;cs;Thu Mar 24 17:40:51 CET 2016;ÄŒtvrtÃ© finÃ¡lovÃ© utkÃ¡nÃ­ uÅ¾ je v plnÃ©m proudu!  PÅ™Ã­mÃ½ pÅ™enos sleduje zde: 
1;po;713043085740126208;cs;Thu Mar 24 17:41:33 CET 2016;To je bomba jak TV Prima vytÃ¡hla 20 let starou kauzu na @kalousekm zatÃ­mco jim ve studiu sedÃ­ AB kterÃ½ pokraÄuje ve vÄerejÅ¡Ã­m projevu.
1;po;713043300945674240;cs;Thu Mar 24 17:42:25 CET 2016;HnutÃ­ ANO si v preferencÃ­ch podle CVVM v bÅ™eznu polepÅ¡ilo o 2 procenta, volilo by ho 29 procent dotÃ¡zanÃ½ch. Jedeme dÃ¡l, drÅ¾te si Äepice...
1;po;713043706945744896;cs;Thu Mar 24 17:44:02 CET 2016;K-SWISS je dalÅ¡Ã­ novou znaÄkou v nabÃ­dce Office Shoes! <3 VÃ­ce o tÃ©to znaÄce si mÅ¯Å¾ete pÅ™eÄÃ­st na naÅ¡em blogu:... 
1;po;713043910529040384;cs;Thu Mar 24 17:44:50 CET 2016;DisciplinÃ¡rka FAÄŒR zastavila na dva mÄ›sÃ­ce Äinnost Ladislavu VoleÅ¡Ã¡kovi z druholigovÃ©ho VyÅ¡ehradu za vÃ¡Å¾nÃ© zranÄ›nÃ­ protihrÃ¡Äe.
1;po;713044079731408896;cs;Thu Mar 24 17:45:30 CET 2016;VelkÃ© zmÄ›ny soupisek tÃ½mÅ¯ Secret a Evil Geniuses. K Secret pÅ™echÃ¡zÃ­ dva hrÃ¡Äi z Evil Geniuses: Arteezy a Universe... 
1;po;713044983423614976;cs;Thu Mar 24 17:49:06 CET 2016;RT @ONLINEPEOPLECZ: MÃ¡me volnÃ©ho Å¡ikovnÃ©ho PPCÄkaÅ™e, kterÃ½ ovlÃ¡dÃ¡ Sklik i Adwords. NehledÃ¡ nÄ›kdo kolegu do tÃ½mu? #PPC #praha
1;po;713044857124757505;cs;Thu Mar 24 17:48:36 CET 2016;RT @SlavekSobotka: SetkÃ¡nÃ­ s @FHollande bylo o Å™eÅ¡enÃ­ migrace, ochranÄ› hranic EU a spoluprÃ¡ci Francie a #V4. 
1;po;713045163883556864;cs;Thu Mar 24 17:49:49 CET 2016;2:0! Pavel #Musil se v 11. minutÄ› prosazuje v oslabenÃ­ a navyÅ¡uje vedenÃ­ @bkboleslav. #MBLvMHK 2:0 #TELH
1;po;713045437016641538;cs;Thu Mar 24 17:50:54 CET 2016;29. 3. v 18 h bude Porada zastupitelÅ¯ v Pir.centru (Å˜ehoÅ™ova 19). PÅ™ijÄte. #pirati budou diskutovat o politice #praha pÅ™ed zasedÃ¡nÃ­m #zhmp.
1;po;713045182892138497;cs;Thu Mar 24 17:49:53 CET 2016;Å½ivÄ›: MusÃ­me navÃ½Å¡it vÃ½daje na obranu a posÃ­lit tajnÃ© sluÅ¾by, shodl se @SlavekSobotka s premiÃ©rem Vallsem 
1;po;713045750096072704;cs;Thu Mar 24 17:52:09 CET 2016;VÃ­tÄ›znÃ½ vstup. @Petra_Kvitova v Miami hladce pÅ™eÅ¡la pÅ™es domÃ¡cÃ­ AmeriÄanku 
1;po;713046014517612544;cs;Thu Mar 24 17:53:12 CET 2016;IslÃ¡mskÃ½ stÃ¡t na videu oslavuje atentÃ¡ty v Bruselu: Brusel /SLEDUJEME TÅ˜ETÃ DEN PO ÃšTOCÃCH ON-LINE/ -Â RadikÃ¡lnÃ­ organizaceâ€¦ #ZprÃ¡vy
1;po;713046015884955648;cs;Thu Mar 24 17:53:12 CET 2016;Sobotka: ÄŒesko i Francie nesouhlasÃ­ s trvalÃ½m pÅ™erozdÄ›lovÃ¡nÃ­m uprchlÃ­kÅ¯: PaÅ™Ã­Å¾ â€“ ÄŒesko a Francie nesouhlasÃ­ sÂ trvalÃ½mâ€¦ #ZprÃ¡vy
1;po;713051289194668032;cs;Thu Mar 24 18:14:09 CET 2016;SpoleÄnÃ¡ kontrola SVS s PoliciÃ­ ÄŒR odhalila opÄ›tovnÃ½ prodej masa neznÃ¡mÃ©ho pÅ¯vodu v trÅ¾nici SAPA: Koncem Ãºnora jsme informovali o spoleÄnÃ©â€¦
1;po;713051294626283520;cs;Thu Mar 24 18:14:11 CET 2016;BabiÅ¡ kliÄkuje, lavÃ­ruje, nevÃ­m, jestli mu vÄ›Å™it, Å™Ã­kÃ¡ poslankynÄ› ANO. V hnutÃ­ je vÃ½jimkou: Å˜Ã­kali jsme, Å¾e budeme mluvit pravdu,â€¦ #DomÃ¡cÃ­
1;po;713051299785248769;cs;Thu Mar 24 18:14:12 CET 2016;Volkswagen a Porsche svolÃ¡vajÃ­ 800 000 aut na kontrolu pedÃ¡lÅ¯: NÄ›meckÃ½ automobilovÃ½ koncern Volkswagen svolÃ¡vÃ¡ po celÃ©m svÄ›tÄ› zhrubaâ€¦ #Auto
1;po;713051301832044544;cs;Thu Mar 24 18:14:12 CET 2016;DrtinovÃ¡ VeselovskÃ½ TV 24. 3. 2016: TÃ©mata dne: PrÃ¡vnÃ­k Ortman o vysvÄ›tlenÃ­ BabiÅ¡e k ÄŒapÃ­mu hnÃ­zdu, europoslanec PospÃ­Å¡il nejen oâ€¦ #DVTV
1;po;713051589456568320;cs;Thu Mar 24 18:15:21 CET 2016;KvitovÃ¡ postoupila v Miami pÅ™es Falconiovou do tÅ™etÃ­ho kola. 
1;po;713051235532800000;cs;Thu Mar 24 18:13:57 CET 2016;RT @FootMagCZ: Mezi hrÃ¡Äi s nejvyÅ¡Å¡Ã­m procentem ÃºspÄ›Å¡nosti stÅ™el je na druhÃ©m mÃ­stÄ› ÃºtoÄnÃ­k TomÃ¡Å¡ #Necid (@Necka7)! 
1;po;713051321260224512;cs;Thu Mar 24 18:14:17 CET 2016;PremiÃ©r Sobotka v PaÅ™Ã­Å¾i: ÄŒesko a Francie odmÃ­tajÃ­ pÅ™erozdÄ›lovÃ¡nÃ­ uprchlÃ­kÅ¯ 
1;po;713051865261457408;cs;Thu Mar 24 18:16:27 CET 2016;PÅ™edseda vlÃ¡dy @SlavekSobotka jednal v PaÅ™Ã­Å¾i s prezidentem Hollandem a premiÃ©rem Vallsem â†’ 
1;po;713052252559319040;cs;Thu Mar 24 18:17:59 CET 2016;Za zlomenou Äelist pÅ™iÅ¡el tvrdÃ½ trest. VoleÅ¡Ã¡k si dva mÄ›sÃ­ce nezahraje. 
1;po;713052321865805825;cs;Thu Mar 24 18:18:16 CET 2016;MuÅ¾ poÅ™ezal prostitutku, aby se vzruÅ¡il. Dostal tÅ™Ã­letou podmÃ­nku: TeplickÃ½ soud ve Ätvrtek potrestal dvaadvacetiletÃ©hoâ€¦ #ÃšstÃ­_ÃšstÃ­_zprÃ¡vy
1;po;713052330321711104;cs;Thu Mar 24 18:18:18 CET 2016;GÃ“Ã“Ã“LL! NatÅ™ikrÃ¡t! #bkboleslav vede po 1. tÅ™etinÄ› nad @MountfieldHK 3:0 a mÃ¡ solidnÄ› nakroÄeno do semifinÃ¡le! #MBLvMHK  #telh
1;po;713051980864819200;cs;Thu Mar 24 18:16:54 CET 2016;PrvnÃ­ tÅ™etina nebyla z pohledu FrÃ½dku-MÃ­stku vÅ¯bec Å¡patnÃ¡. Rysi vedou po dvaceti minutÃ¡ch uÅ¾ 5:0! 
1;po;713052324676124672;cs;Thu Mar 24 18:18:16 CET 2016;PomÃ¡hÃ¡m ostatnÃ­m Å™idiÄÅ¯m:  vÃ½mol ve vozovce na 5. kvÄ›tna, Praha pomocÃ­ @waze - JezdÄ›te solidÃ¡rnÄ›. 
1;po;713052424953589760;cs;Thu Mar 24 18:18:40 CET 2016;PrvnÃ­ poloÄas pÅ™Ã¡telskÃ©ho utkÃ¡nÃ­ U20 se stejnÄ› starÃ½m vÃ½bÄ›rem Francie skonÄil bez branek.
1;po;713052618633961472;cs;Thu Mar 24 18:19:26 CET 2016;USA: TÃ½dennÃ­ poÄet novÃ½ch Å¾Ã¡dostÃ­ o podporu v nezamÄ›stnanosti vzrostl na 265 tisÃ­c 
1;po;713052651160776704;cs;Thu Mar 24 18:19:34 CET 2016;RozpoÄtovÃ½ deficit Portugalska loni klesl jen na 4,4 % HDP 
1;po;713052765468033026;cs;Thu Mar 24 18:20:01 CET 2016;MagistrÃ¡t HMP: NÃ¡vÅ¡tÄ›vu ÄÃ­nskÃ©ho prezidenta v Praze budou provÃ¡zet mimoÅ™Ã¡dnÃ¡ bezpeÄnostnÃ­ opatÅ™enÃ­: PraÅ¾skÃ¡ po... 
1;ji;713052768349630464;cs;Thu Mar 24 18:20:02 CET 2016;ReÃ¡lnÃ© mzdy v NÄ›mecku loni vzrostly nejvÃ­c za sedm let 
1;po;713052902403805188;cs;Thu Mar 24 18:20:34 CET 2016;ItalskÃ© banky Banco Popolare a BPM se dohodly na fÃºzi 
1;po;713052536219901952;cs;Thu Mar 24 18:19:07 CET 2016;PomÃ¡hÃ¡m ostatnÃ­m Å™idiÄÅ¯m:  nebezpeÄÃ­ na vozovce na 5. kvÄ›tna, Praha pomocÃ­ @waze - JezdÄ›te solidÃ¡rnÄ›. 
1;po;713052791464411136;cs;Thu Mar 24 18:20:08 CET 2016;PomÃ¡hÃ¡m ostatnÃ­m Å™idiÄÅ¯m:  stÅ™ednÃ­ kolona na LounskÃ½ch, Praha pomocÃ­ @waze - JezdÄ›te solidÃ¡rnÄ›. 
1;po;713052547557298178;cs;Thu Mar 24 18:19:09 CET 2016;ÄŒesko bude s ÄŒÃ­nou spolupracovat v jadernÃ© energetice, dohody mÃ¡ ÄÃ­nskÃ½ prezident podepsat pÅ™Ã­Å¡tÃ­ tÃ½den v Praze. 
1;po;713053877013057536;cs;Thu Mar 24 18:24:26 CET 2016;Dnes slavÃ­ svÃ© 90. narozeniny italskÃ½ spisovatel Dario Fo, nositel Nobelovy ceny za literaturu za rok 1997 ...... 
1;po;713053893144485888;cs;Thu Mar 24 18:24:30 CET 2016;Doprava zdarma na Aquakoupelna.cz PÅ™i objednÃ¡vce nad 2 999 KÄ doprava pro celou ÄŒR ZDARMA Prodetox.cz slevovÃ½ kupÃ³n 
1;po;713056889488150528;cs;Thu Mar 24 18:36:25 CET 2016;Hrozne, ale pravda, mohlo by to byt i horsi  Diktaturu nebo silnÃ©ho vÅ¯dce chce kaÅ¾dÃ½ Å¡estÃ½ ÄŒech, vyplÃ½vÃ¡ z prÅ¯zkumu 
1;po;713057239477723136;cs;Thu Mar 24 18:37:48 CET 2016;Vize platit ÄŒapÃ­ hnÃ­zdo z dotacÃ­ vznikla v Agrofertu  
1;po;713057699555098624;cs;Thu Mar 24 18:39:38 CET 2016;ÃštoÄnÃ­k KaÅ¡par odejde ze Slovanu Bratislava do Dynama Moskva 
1;po;713057834251001856;cs;Thu Mar 24 18:40:10 CET 2016;RT @VacDol: Letos je pÅ™Ã­snÃ¡ velikonoÄnÃ­ nadÃ­lka: BabiÅ¡ se dÃ¡vÃ¡ dohromady s komunisty (cÃ­rkevnÃ­ restituce) a Praha je plnÃ¡ rudÃ½ch vlajek (ÄŒÃ­â€¦
1;po;713057872167444480;cs;Thu Mar 24 18:40:19 CET 2016;Aha, SaÅ¡a vyhlÃ¡sil velikonoÄnÃ­ volno. Na poÄÃ¡teÄnÃ­ fÃ¡zi prezidentskÃ© kampanÄ› #SaÅ¡a2018 tedy zatÃ­m mÃ¡me pÄ›t dnÃ­ 
1;po;713058119287455745;cs;Thu Mar 24 18:41:18 CET 2016;Takhle vypadala radost SD po postupu do finÃ¡le. Bitva o titul s @HCKometa zaÄne v nedÄ›li 29.3. ve 12:30 v ChomutovÄ›. 
1;po;713058437484191744;cs;Thu Mar 24 18:42:34 CET 2016;NA HORÃCH NAPADNE NOVÃ SNÃH JeÅ¡tÄ› neÅ¾ pÅ™Ã­jde velikonoÄnÃ­ oteplenÃ­, pÅ™ejde pÅ™es nÃ¡s v noci z pÃ¡tku na sobotu... 
1;po;713058724907237382;cs;Thu Mar 24 18:43:42 CET 2016;#seo @vlasi FrancouzskÃ© online denÃ­ky zahÃ¡jili protest proti blokovÃ¡nÃ­ reklam 
1;po;713058622222241793;cs;Thu Mar 24 18:43:18 CET 2016;Å½Ã¡dnou dotaci jsem nebral a ta ÄÃ¡stka taky nesouhlasÃ­ :-) #babiska #babis #dotace
1;po;713058311000743936;cs;Thu Mar 24 18:42:03 CET 2016;100 % v recenzi pro DobrÃ©ho designÃ©ra od @pixycz #Tip: K nÃ¡kupu knihy v knihkupectvÃ­ dostanete e-knihu zdarma. 
1;po;713059125832335360;cs;Thu Mar 24 18:45:18 CET 2016;â€šNenÃ¡vidÄ›nÃ½â€™ svÄ›dek v kauze Homolka odmÃ­tl vypovÃ­dat: MÃ¡m toho dost 
1;ji;713059241733591040;cs;Thu Mar 24 18:45:45 CET 2016;Dnes expiruje trunki.cz (GPR:0, SR:0), zatÃ­m nebyla prodlouÅ¾ena. VÃ­ce na 
1;po;713059445903921153;cs;Thu Mar 24 18:46:34 CET 2016;VeÄernÃ­ severokorejskÃ¡ - ÄÃ­m dÃ¡l hubenÄ›jÅ¡Ã­ Kim vÄera navÅ¡tÃ­vil tovÃ¡rnu na zemÄ›dÄ›lskÃ© stroje 
1;po;713059554137915394;cs;Thu Mar 24 18:47:00 CET 2016;TeroristÅ¯m unikli. TeÄ stovky lidÃ­ ÄekajÃ­ bez dokladÅ¯ ve skladu - Echo24.cz via @echo24cz
1;po;713059338261303296;cs;Thu Mar 24 18:46:08 CET 2016;St. dorost poprvÃ© pÅ™eÅ¡el pÅ™es 1. kolo a rovnou do finÃ¡le. Branky: 20. M. Svoboda, 50. Dejmek, 63. NavrÃ¡til. #playoff 
1;po;713059438496780288;cs;Thu Mar 24 18:46:32 CET 2016;#Intel hodiny se rozbily! "Tick Tock" strategie je mrtvÃ¡. Z dvoutaktu pÅ™echÃ¡zÃ­ na tÅ™Ã­takt:  
1;po;713059941381181440;cs;Thu Mar 24 18:48:32 CET 2016;VaÅ¡Ã­Äek (@MountfieldHK) se s vÃ½sledkem snaÅ¾il nÄ›co udÄ›lat a provokoval, tak Å¡el na trestnou. PÅ™edtÃ­m nÄ›kolikrÃ¡t namazal #tvrdÃ½defenzivnÃ­bek
1;po;713060058364518400;cs;Thu Mar 24 18:49:00 CET 2016;PremiÃ©r Sobotka: Celkem tedy ÄŒR pÅ™ijme 3091 uprchlÃ­kÅ¯. celÃ© znÄ›nÃ­:... 
1;po;713059583070179328;cs;Thu Mar 24 18:47:07 CET 2016;RT @kroupa89: Andrej BabiÅ¡ v projevu v PSP ÄŒR dne 23. 3. lhal o mÃ©m synovi Jankovi. Daniel Kroupa
1;po;713060077897277440;cs;Thu Mar 24 18:49:05 CET 2016;ZdenÄ›k SvÄ›rÃ¡k oslavÃ­ osmdesÃ¡tiny. ÄŒechy nauÄil smÃ¡t se sobÄ› tak, aby je to nebolelo 
1;po;713062592080642048;cs;Thu Mar 24 18:59:04 CET 2016;PozvÃ¡nka na panelovou diskusi "LidskÃ¡ prÃ¡va: (Ne)smysl ÄeskÃ© politiky" - 12. dubna - 
1;po;713063056981565443;cs;Thu Mar 24 19:00:55 CET 2016;ZÃ­tra je to ROK, co Zayn odeÅ¡el z One Direction. ZÃ­tra vychÃ¡zÃ­ Zaynovo album s nÃ¡zvem Mind Of Mine. I'M NOT READY.
1;po;713063527326564353;cs;Thu Mar 24 19:02:47 CET 2016;RT @zpravyrozhlascz: ÄŒesko bude s ÄŒÃ­nou spolupracovat v jadernÃ© energetice, dohody mÃ¡ ÄÃ­nskÃ½ prezident podepsat pÅ™Ã­Å¡tÃ­ tÃ½den v Praze. httpsâ€¦
1;po;713063114460307456;cs;Thu Mar 24 19:01:09 CET 2016;PomÃ¡hÃ¡m ostatnÃ­m Å™idiÄÅ¯m:  vÃ½mol ve vozovce na JindÅ™iÅ¡skÃ¡, Praha pomocÃ­ @waze - JezdÄ›te solidÃ¡rnÄ›. 
1;po;713063293162754049;cs;Thu Mar 24 19:01:51 CET 2016;69 | U20 proti Francii stÅ™Ã­dÃ¡, Buchvaldka a Yunise nahradili RybiÄka a Hykel.
1;po;713063721396994048;cs;Thu Mar 24 19:03:33 CET 2016;RT @fotbalova_repre: U20 vstoupila do duelu s FranciÃ­ v tÃ©to sestavÄ›: StanÄ›k - Toml, Rys, Buchvaldek, KulhÃ¡nek, Yunis, TakÃ¡cs, Suchan, Å uraâ€¦
1;po;713063811159355392;cs;Thu Mar 24 19:03:55 CET 2016;Kerry k Putinovi:USA mÃ¡jÃ­ urÄitÃ© myÅ¡lenky smÄ›rem k pokroku na UkrajinÄ›.A dÃ¡l je to daÅ¡Ã­ naivnÃ­ tlachÃ¡nÃ­(podanÃ¡ ruka).
1;po;713064271459000320;cs;Thu Mar 24 19:05:45 CET 2016;Uber Å¾aluje konkurenta, mÄ›l si u nÄ›j objednat statisÃ­ce faleÅ¡nÃ½ch jÃ­zd 
1;po;713064554016743430;cs;Thu Mar 24 19:06:52 CET 2016;GÃ³Ã³Ã³Ã³l! 34. KlÃ­movÃ¡, WU17: @MLSZhivatalos - @fotbalova_repre 0:1
1;po;713064903431487488;cs;Thu Mar 24 19:08:15 CET 2016;PolitologovÃ©: BabiÅ¡ promarnil Å¡anci oslovit voliÄe: Praha â€“ Projev, vÂ nÄ›mÅ¾ vicepremiÃ©r Andrej BabiÅ¡ (ANO) vÂ ÃºterÃ½ pÅ™ed poslanciâ€¦ #ZprÃ¡vy
1;po;713064478926114816;cs;Thu Mar 24 19:06:34 CET 2016;RT @Stud_Sec_IIPS: PrÃ¡vÄ› zaÄÃ­nÃ¡ diskuse s Michalem Å½antovskÃ½m ve #Scala Brno. #ZantovskyveScale Organizuje #iips spolu s @KnihovnaVH https:â€¦
1;po;713064652226297856;cs;Thu Mar 24 19:07:15 CET 2016;34 | GÃ“L! Å½enskÃ¡ U17 se proti MaÄarsku ujÃ­mÃ¡ vedenÃ­ 1:0 dÃ­ky brance MarkÃ©ty KlÃ­movÃ©!
1;po;713065500054564865;cs;Thu Mar 24 19:10:37 CET 2016;Depeche mode revival band v KromÄ›Å™Ã­Å¾i jiÅ¾ v pÃ¡tek! 
1;po;713065636411219969;cs;Thu Mar 24 19:11:10 CET 2016;MPO: LRV pÅ™eruÅ¡ila projednÃ¡vÃ¡nÃ­ transpozice SmÄ›rnice EvropskÃ© komise k vysokorychlostnÃ­mu internetu: LegislativnÃ­ rada vlÃ¡dy (LRV) dnesâ€¦
1;po;713065640710418433;cs;Thu Mar 24 19:11:11 CET 2016;KonviÄka (ÃšNK-BPI): PÅ™ijdou dalÅ¡Ã­ Ãºtoky. A na Å™adÄ› je Praha: "PÅ™edpovÄ›dÄ›l" jsem Ãºtoky okolo VÃ¡noc, podle nÄ›kterÃ½ch i kolem Velikonoc (byÅ¥â€¦
1;po;713065915462627328;cs;Thu Mar 24 19:12:17 CET 2016;#MBLvMHK: NÃ¡skok soupeÅ™e ve druhÃ©m dÄ›jstvÃ­ jeÅ¡tÄ› narostl. Po tlaku Hradce ujel Hyka a zvÃ½Å¡il na 4:0! JeÅ¡tÄ› se pokusÃ­me o malÃ½ zÃ¡zrak...
1;po;713066189388251136;cs;Thu Mar 24 19:13:22 CET 2016;Francie i ÄŒesko jsou proti pÅ™erozdÄ›lovÃ¡nÃ­ migrantÅ¯, prohlÃ¡sil Sobotka v PaÅ™Ã­Å¾i: ÄŒesko a Francie nesouhlasÃ­ s trvalÃ½m pÅ™erozdÄ›lovÃ¡nÃ­mâ€¦
1;po;713066211320303616;cs;Thu Mar 24 19:13:27 CET 2016;Na VltavÄ› bude po pÅ™Ã­jezdu ÄÃ­nskÃ©ho prezidenta svÃ­tit terakotovÃ¡ armÃ¡da: Na praÅ¾skÃ© nÃ¡plavce u PalackÃ©ho nÃ¡mÄ›stÃ­ seâ€¦ #ZprÃ¡vy_DomÃ¡cÃ­
1;po;713066215946629120;cs;Thu Mar 24 19:13:28 CET 2016;Kolem KatalÃ¡nska: novÃ½m lÃ­drem je po krÃ¡lovskÃ© etapÄ› Quintana: Jako prvnÃ­ se do lyÅ¾aÅ™skÃ©ho stÅ™ediska Port AinÃ© ve vÃ½Å¡ceâ€¦ #Sport_Cyklistika
1;po;713066221697040386;cs;Thu Mar 24 19:13:30 CET 2016;NabÃ­dku sluÅ¾by EA Access rozÅ¡Ã­Å™Ã­ hokej NHL 16 #Bonusweb_KrÃ¡tkÃ©_zprÃ¡vy
1;po;713066225027317760;cs;Thu Mar 24 19:13:30 CET 2016;VÄ›dci vytvoÅ™ili minimÃ¡lnÃ­ Å¾ivot. TakovÃ½ svÄ›t jeÅ¡tÄ› nevidÄ›l: Å½ivot osekanÃ½ na nezbytnÃ© minimum, vznikl v laboratoÅ™i vedenÃ©â€¦ #Technet_cz_VÄ›da
1;po;713079628685000704;cs;Thu Mar 24 20:06:46 CET 2016;BabiÅ¡ vzkazuje lidovcÅ¯m: PodpoÅ™Ã­me zdanÄ›nÃ­ restitucÃ­ - Echo24.cz via @echo24cz
1;po;713080071670603777;cs;Thu Mar 24 20:08:32 CET 2016;FANTAZIE!!! WU17 @fotbalova_repre postupuje na @UEFAWomensEURO !!! BlahopÅ™ejeme :) Irsko porazilo Francii a ÄŒeÅ¡ky vyhrÃ¡ly skupinu.
1;po;713080877312581632;cs;Thu Mar 24 20:11:44 CET 2016;Konec: @fotbalova_repre WU17 jede na @UEFAWomensEURO 
1;po;713081244418965505;cs;Thu Mar 24 20:13:11 CET 2016;RT @fotbalova_repre: 80+1 | Je to doma! Å½enskÃ¡ U17 porÃ¡Å¾Ã­ MaÄarsko 2:0, vyhrÃ¡vÃ¡ kvalifikaÄnÃ­ skupinu a postupuje na evropskÃ½ Å¡ampionÃ¡t!!!
1;po;713080691207045120;cs;Thu Mar 24 20:10:59 CET 2016;RT @sportCT: NacpanÃ© tribuny v Jablonci hnaly Soukalovou. Exhibici ale ovlÃ¡dla VÃ­tkovÃ¡. 
1;po;713080922925621250;cs;Thu Mar 24 20:11:55 CET 2016;80+1 | Je to doma! Å½enskÃ¡ U17 porÃ¡Å¾Ã­ MaÄarsko 2:0, vyhrÃ¡vÃ¡ kvalifikaÄnÃ­ skupinu a postupuje na evropskÃ½ Å¡ampionÃ¡t!!!
1;po;713081756094607364;cs;Thu Mar 24 20:15:13 CET 2016;DalÅ¡Ã­m soupeÅ™em indiÃ¡nÅ¯ v letoÅ¡nÃ­m ÄŒP play-off #TELH bude @HCSpartaPraha! SÃ©rie zaÄÃ­nÃ¡ na ledÄ› O2 areny v ÃºterÃ½. 
1;po;713082156550131712;cs;Thu Mar 24 20:16:49 CET 2016;RT @FaktyCZSK: MladÃ½ pÃ¡r z New Yorku objevil ve svÃ©m domÄ› zlodÄ›je po tom, co muÅ¾ Å™ekl svÃ© pÅ™Ã­telkyni vtip a jedinÃ½ smÃ­ch se ozval z druhÃ©hoâ€¦
1;po;713082309134716930;cs;Thu Mar 24 20:17:25 CET 2016;WU17: Senzace! @fotbalova_repre poprvÃ© mÃ­Å™Ã­ na @UEFAWomensEURO 
1;po;713081989952315392;cs;Thu Mar 24 20:16:09 CET 2016;VyprodanÃ½ LapaÄ se mistrovskÃ½ch oslav nedoÄkal. FrÃ½dek-MÃ­stek porazil VsetÃ­n 6:2 a vynutil si rozhodujÃ­cÃ­ 5. zÃ¡pas 
1;po;713082622516334592;cs;Thu Mar 24 20:18:40 CET 2016;Postup!!!! Reprezentace U17 postupuje na Å¡ampionÃ¡t. Gratulujeme!!! 
1;po;713082730104356864;cs;Thu Mar 24 20:19:05 CET 2016;KateÅ™ina KlasnovÃ¡ porodila: S VÃ­tem BÃ¡rtou mÃ¡ dceru AmÃ¡lku 
1;po;713082856264830976;cs;Thu Mar 24 20:19:36 CET 2016;SESTÅ˜IH: @bkboleslav mÃ¡ postup! @MountfieldHK porazila 4:0 a jde na Liberec 
1;po;713084251382501377;cs;Thu Mar 24 20:25:08 CET 2016;VicepremiÃ©r BÄ›lobrÃ¡dek na FloridÄ› navÅ¡tÃ­vil tamnÃ­ Nova Southeastern University nebo Kennedyho vesmÃ­rnÃ© stÅ™edisko: ÄŒtvrtÃ½ den pracovnÃ­ cestyâ€¦
1;po;713084263877332992;cs;Thu Mar 24 20:25:11 CET 2016;UÅ¾ i Samsung mÃ¡ luxusnÃ­ chytrÃ© hodinky. VytvoÅ™ili je Å¡vÃ½carÅ¡tÃ­ klenotnÃ­ci: Masovou zÃ¡leÅ¾itostÃ­ nejsou jen mobily,â€¦ #Mobil_Tech_amp_Trendy
1;po;713084268193255425;cs;Thu Mar 24 20:25:12 CET 2016;HrozÃ­ konec ÄeskÃ©ho vepÅ™ovÃ©ho. ZaplatÃ­ za to kaÅ¾dÃ½, varujÃ­ chovatelÃ©: KvÅ¯li nÃ­zkÃ½m cenÃ¡m vepÅ™ovÃ©ho masa skonÄila jen loni sâ€¦ #Ekonomika
1;po;713084272739921920;cs;Thu Mar 24 20:25:13 CET 2016;MladÃ¡ Boleslav je poprvÃ© v semifinÃ¡le extraligy. V boji o finÃ¡le vyzve Liberec: Play off extraligy #Hokej
1;po;713084521793589248;cs;Thu Mar 24 20:26:13 CET 2016;V Hong Kongu pÅ™ipravila firma Nike doslova Mekku tenisek Air Max prostÅ™ednictvÃ­m @bangercz
1;po;713084685967101952;cs;Thu Mar 24 20:26:52 CET 2016;ÄŒeskÃ¡ Å¡kola: PÅ™eÄtÄ›te si: MinistrynÄ› ValachovÃ¡ po nÃ¡vÅ¡tÄ›vÄ› v ÃšsteckÃ©m kraji, kterÃ½ odmÃ­tÃ¡ inkluzi: Nejsme v rozporu 
1;po;713084575476543494;cs;Thu Mar 24 20:26:25 CET 2016;RT @zenyfotbal: WU17: Senzace! @fotbalova_repre poprvÃ© mÃ­Å™Ã­ na @UEFAWomensEURO 
1;po;713085285903499264;cs;Thu Mar 24 20:29:15 CET 2016;PÅ™ed 7 lety svrhl JiÅ™Ã­ Paroubek dÃ­ky dvÄ›ma pÅ™ebÄ›hlÃ­kÅ¯m druhou vlÃ¡du Mirka TopolÃ¡nka. #throwbackTST 
1;po;713098133593522177;cs;Thu Mar 24 21:20:18 CET 2016;PoslankynÄ› ANO tvrdÄ› o BabiÅ¡ovi: KliÄkuje, nevÃ­m, zda mu vÄ›Å™it 
1;po;713098137523654656;cs;Thu Mar 24 21:20:19 CET 2016;PÅ™Ã­liÅ¡ radikÃ¡lnÃ­ i pro nÄ›meckou pravici. AfD rozpustila svaz v SÃ¡rsku 
1;po;713098358911549441;cs;Thu Mar 24 21:21:12 CET 2016;PapeÅ¾ dnes veÅ™ejnÄ› konvertoval k islÃ¡mu. Allah Akbar! 
1;po;713098707156086784;cs;Thu Mar 24 21:22:35 CET 2016;TOP 09: Nechceme mÃ­t v EvropÄ› ostudu: ProhlÃ¡Å¡enÃ­ poslaneckÃ©ho klubu TOP 09 a StarostovÃ©.
1;po;713098708640858112;cs;Thu Mar 24 21:22:35 CET 2016;VedenÃ­ AfD rozpustilo sÃ¡rskou organizaci. PÅ™edseda byl v kontaktu s pravicovÃ½mi radikÃ¡ly: RozpuÅ¡tÄ›nÃ¡ organizace se chce protiâ€¦ #ZahraniÄÃ­
1;po;713098712499638272;cs;Thu Mar 24 21:22:36 CET 2016;Grafika: Kalousek, Roman, Kroupa. Do koho se strefoval Andrej BabiÅ¡ ve svÃ© "ÄapÃ­" Å™eÄi: Kdo vÅ¡echno BabiÅ¡ovi "leÅ¾Ã­ v Å¾aludku",â€¦ #DomÃ¡cÃ­
1;po;713098822109544449;cs;Thu Mar 24 21:23:02 CET 2016;V dneÅ¡nÃ­m zÃ¡pase vlastnÄ› o nic nejde, takÅ¾e z tragickÃ©ho vÃ½konu idiota LimberskÃ½ho mÃ¡m vlastnÄ› celkem radost.
1;po;713098902753382400;cs;Thu Mar 24 21:23:21 CET 2016;ÄŒÃ­nskÃ©mu prezidentovi pÅ™edvedou i osobnÃ­ podÄ›kovÃ¡nÃ­ Mao Ce-Tunga prezidentu Klementu Gottwaldovi. To se mi ulevilo, Å¾e na nÄ›j nezapomnÄ›li.
1;po;713098924689661952;cs;Thu Mar 24 21:23:27 CET 2016;RT @dojnice: Na ÄÃ­nskÃ©ho presidenta bude vypÃ¡leno 21 dÄ›lostÅ™eleckÃ½ch salv.  PoÄÃ­tÃ¡m, Å¾e prvnÃ­ dvÄ› budou zÃ¡stÅ™elnÃ© a pak uÅ¾ by mÄ›li pÃ¡lit naâ€¦
1;po;713098961226215424;cs;Thu Mar 24 21:23:35 CET 2016;Live rozklad #ANO ? @okundra: Poslankyne ANO v @Aktualnecz - Babis klickuje, laviruje, nevim, zda mu verit: 
1;po;713098437567365120;cs;Thu Mar 24 21:21:30 CET 2016;RT @BohumilVostal: NeuvÄ›Å™itelnÃ©, pokud je to pravda. Salah Abdeslam byl vyslÃ½chanÃ½ jen 1 hodinu mezi zadrÅ¾enÃ­m a bruselskÃ½mi Ãºtoky. https:/â€¦
1;po;713099326592049152;cs;Thu Mar 24 21:25:02 CET 2016;@VencaJares V jasnÃ© Å¡anci po NecidovÄ› rÃ¡nÄ› selhal, ani ten mÃ­Ä netrefil. V obranÄ› ho SkotovÃ© vodÃ­. Dnes (snad) varovnÃ½ signÃ¡l pro Vrbu.
1;po;713099887760564224;cs;Thu Mar 24 21:27:16 CET 2016;RT @BohumilVostal: NeuvÄ›Å™itelnÃ©, pokud je to pravda. Salah Abdeslam byl vyslÃ½chanÃ½ jen 1 hodinu mezi zadrÅ¾enÃ­m a bruselskÃ½mi Ãºtoky. https:/â€¦
1;po;713099966768685057;cs;Thu Mar 24 21:27:35 CET 2016;RT @FilipHorky: Na KlÃ¡rov dorazil autobus plnÃ½ vojÃ¡kÅ¯ s policejnÃ­mi pÃ¡skami na rukÃ¡vech. VojÃ¡ci se samopaly hlÃ­dkujÃ­ i v metru. 
1;po;713100246105137153;cs;Thu Mar 24 21:28:42 CET 2016;@VencaJares MÃ¡me Pudila, kterÃ½ mÄ› zatÃ­m za Vrbovy Ã©ry nezklamal (v zÃ¡pasech, co hrÃ¡l) a NovÃ¡k hrÃ¡l pouze s Turky (ale dostal mÃ¡lo Å¡ancÃ­).
1;po;713100127578275840;cs;Thu Mar 24 21:28:13 CET 2016;Naposledy jsem byl na fotbale Bohemians Praha - Ajax Amsterdam 1:0, gÃ³l dal JiÅ™Ã­ Sloup, byl to PohÃ¡r mistrÅ¯ evropskÃ½ch zemÃ­.
1;po;713099960682680320;cs;Thu Mar 24 21:27:34 CET 2016;RT @echo24cz: BabiÅ¡ vzkazuje lidovcÅ¯m: PodpoÅ™Ã­me zdanÄ›nÃ­ restitucÃ­ - Echo24.cz via @echo24cz
1;po;713100623449825281;cs;Thu Mar 24 21:30:12 CET 2016;RT @CT24zive: PodpoÅ™Ã­m nÃ¡vrh KSÄŒM na zdanÄ›nÃ­ cÃ­rkevnÃ­ch restitucÃ­, reaguje BabiÅ¡ na lidoveckou kritiku kvÅ¯li ÄŒapÃ­mu hnÃ­zdu 
1;po;713100926698004480;cs;Thu Mar 24 21:31:24 CET 2016;RT @kalousekm: BabiÅ¡ sÃ¡m sebe usvÄ›dÄil ze lÅ¾i a de facto i z podvodu.ÄŒSSD a KDU-ÄŒSL podvod a leÅ¾ tolerujÃ­ pro svÅ¯j strach a pro svÃ© pozice.
1;po;713100962072772609;cs;Thu Mar 24 21:31:32 CET 2016;RT @MichKucera: Andrej #BabiÅ¡ nÃ¡m Å™ekl, Å¾e rodina je to nejcennÄ›jÅ¡Ã­ co mÃ¡. Pak nechÃ¡pu,proÄ ze svÃ½ch dÄ›tÃ­ udÄ›lal bÃ­lÃ© konÄ› a zapletl je do â€¦
1;sp;713100962920013824;cs;Thu Mar 24 21:31:32 CET 2016;KoneÄnÄ› zaÄÃ­nÃ¡ fotbal. VÄ›ÄnÃ¡ Slavia â¤
1;po;713101117085888512;cs;Thu Mar 24 21:32:09 CET 2016;RT @kroupa89: Andrej BabiÅ¡ v projevu v PSP ÄŒR dne 23. 3. lhal o mÃ©m synovi Jankovi. Daniel Kroupa
1;po;713101924200013824;cs;Thu Mar 24 21:35:22 CET 2016;RT @RadekNohl: Z postoje pana BabiÅ¡e mÃ¡m pocit, Å¾e kliÄkuje, lavÃ­ruje. NevÃ­m, zda mu mÃ¡m vÄ›Å™it, Å™Ã­kÃ¡ poslankynÄ› #ANO 
1;po;713101958429671424;cs;Thu Mar 24 21:35:30 CET 2016;RT @CT24zive: PremiÃ©r Sobotka v PaÅ™Ã­Å¾i: ÄŒesko a Francie odmÃ­tajÃ­ pÅ™erozdÄ›lovÃ¡nÃ­ uprchlÃ­kÅ¯ 
1;po;713102140743376896;cs;Thu Mar 24 21:36:13 CET 2016;@fnemecek69 Po VV pÅ™iÅ¡lo ANO. MÃ¡m nahnÃ¡no, co pÅ™ijde dalÅ¡Ã­ho. @IlonaJaniov @RadekNohl
1;po;713101846378774528;cs;Thu Mar 24 21:35:03 CET 2016;JakÃ½ bude 20. roÄnÃ­k cestovatelskÃ©ho festivalu NeznÃ¡mÃ¡ zemÄ› ve ZlÃ­nÄ›? OdpovÃ­ spisovatel a dokumentarista Miroslav NÃ¡plava po 23. hodinÄ›.
1;po;713101655022170112;cs;Thu Mar 24 21:34:18 CET 2016;45+1 | PrvnÃ­ poloÄas skonÄil a Skotsko vede 1:0 i pÅ™es pÅ™evahu ÄeskÃ©ho tÃ½mu.
1;po;713102308125622272;cs;Thu Mar 24 21:36:53 CET 2016;BleskovÃ¡ odpovÄ›Ä @AndrejBabis na Ãºtok @PavelBelobradek za #ÄŒapÃ­HnÃ­zdo: ZdanÃ­me tunel cÃ­rkevnÃ­ restituce - @roklen24
1;po;713102492767166465;cs;Thu Mar 24 21:37:37 CET 2016;SyrskÃ¡ opozice je po druhÃ©m kole Å¾enevskÃ½ch jednÃ¡nÃ­ spokojenÃ¡: Å½eneva - VÂ Å¾enevskÃ½ch mÃ­rovÃ½ch jednÃ¡nÃ­ch oÂ SÃ½rii se podaÅ™iloâ€¦ #ZprÃ¡vy
1;po;713102524002209795;cs;Thu Mar 24 21:37:45 CET 2016;Jarda #Kudrna z @MountfieldHK ukonÄil svoji bohatou kariÃ©ru. Å koda, Å¾e se nemohl louÄit po vÃ­tÄ›znÃ©m zÃ¡pase... #jardodiky
1;po;713103095375507456;cs;Thu Mar 24 21:40:01 CET 2016;"Patera ho zastavil a mÅ¯Å¾eme jÃ­t dopÅ™edu ve tÅ™ech ... MORAVEC, DAVID MORAVEC... GOOOOOOOOL!!! GOOOL, GOOOL!!... 
1;po;713103391807766528;cs;Thu Mar 24 21:41:12 CET 2016;MaÄarskÃ¡ vlÃ¡da odsouhlasila balÃ­Äek protiteroristickÃ½ch zÃ¡konÅ¯: MaÄarskÃ¡ vlÃ¡da dala ve stÅ™edu zelenou balÃ­Äku protiteroristickÃ½ch zÃ¡konÅ¯.â€¦
1;po;713103395972784128;cs;Thu Mar 24 21:41:13 CET 2016;Orloj, socha JoÅ¡ta i Å pilberk v BrnÄ› zezelenaly. MÅ¯Å¾e za to pivovar: TisÃ­ce lidÃ­ ve Ätvrtek v brnÄ›nskÃ½ch podnicÃ­châ€¦ #Brno_Brno_ZprÃ¡vy
1;po;713103400687173633;cs;Thu Mar 24 21:41:14 CET 2016;HokejistÃ© CSKA znovu porazili obhÃ¡jce Gagarinova pohÃ¡ru Petrohrad: I ve druhÃ©m utkÃ¡nÃ­ semifinÃ¡le play-offâ€¦ #Hokej_EvropskÃ©_ligy
1;po;713103511379005440;cs;Thu Mar 24 21:41:40 CET 2016;ÄŒR a Francie podle Sobotky odmÃ­tajÃ­ pÅ™erozdÄ›lovÃ¡nÃ­ uprchlÃ­kÅ¯: ÄŒesko a Francie nesouhlasÃ­ s trvalÃ½m pÅ™erozdÄ›lovÃ¡nÃ­m uprchlÃ­kÅ¯ mezi ÄlenskÃ©â€¦
1;po;713103512490487808;cs;Thu Mar 24 21:41:40 CET 2016;Jeden den hejtmanem bude Adam Mitrenga. Michal HaÅ¡ek jej provede po kraji: Adam Mitrenga je novÃ½m hejtmanem JihomoravskÃ©ho kraje. Tedyâ€¦
1;po;713104071016779777;cs;Thu Mar 24 21:43:54 CET 2016;ChudÃ¡k @davidkozohorsky. Jistotu toho, kdo prohrÃ¡l souboj pÅ™ed naÅ¡Ã­m gÃ³lem, mu nedal ani KadeÅ™Ã¡bek. Ale otÃ¡zka to byla vÃ½Å¾ivnÃ¡! #CZESCO
1;po;713100898852081666;cs;Thu Mar 24 21:31:17 CET 2016;Google pracuje na klÃ¡vesnici pro iOS s vyhledÃ¡vacÃ­ funkÄnostÃ­. 
1;sp;713100962920013824;cs;Thu Mar 24 21:31:32 CET 2016;KoneÄnÄ› zaÄÃ­nÃ¡ fotbal. VÄ›ÄnÃ¡ Slavia â¤
1;po;713101117085888512;cs;Thu Mar 24 21:32:09 CET 2016;RT @kroupa89: Andrej BabiÅ¡ v projevu v PSP ÄŒR dne 23. 3. lhal o mÃ©m synovi Jankovi. Daniel Kroupa
1;po;713101297357029376;cs;Thu Mar 24 21:32:52 CET 2016;Na #ZelenÃ½ÄŒtvrtek vÃ½hled na zelenÃ½ Å pilberk ğŸº 
1;po;713101924200013824;cs;Thu Mar 24 21:35:22 CET 2016;RT @RadekNohl: Z postoje pana BabiÅ¡e mÃ¡m pocit, Å¾e kliÄkuje, lavÃ­ruje. NevÃ­m, zda mu mÃ¡m vÄ›Å™it, Å™Ã­kÃ¡ poslankynÄ› #ANO 
1;po;713101958429671424;cs;Thu Mar 24 21:35:30 CET 2016;RT @CT24zive: PremiÃ©r Sobotka v PaÅ™Ã­Å¾i: ÄŒesko a Francie odmÃ­tajÃ­ pÅ™erozdÄ›lovÃ¡nÃ­ uprchlÃ­kÅ¯ 
1;po;713101978587512833;cs;Thu Mar 24 21:35:35 CET 2016;RT @fotbalova_repre: 45+1 | PrvnÃ­ poloÄas skonÄil a Skotsko vede 1:0 i pÅ™es pÅ™evahu ÄeskÃ©ho tÃ½mu.
1;po;713101846378774528;cs;Thu Mar 24 21:35:03 CET 2016;JakÃ½ bude 20. roÄnÃ­k cestovatelskÃ©ho festivalu NeznÃ¡mÃ¡ zemÄ› ve ZlÃ­nÄ›? OdpovÃ­ spisovatel a dokumentarista Miroslav NÃ¡plava po 23. hodinÄ›.
1;po;713101655022170112;cs;Thu Mar 24 21:34:18 CET 2016;45+1 | PrvnÃ­ poloÄas skonÄil a Skotsko vede 1:0 i pÅ™es pÅ™evahu ÄeskÃ©ho tÃ½mu.
1;po;713102308125622272;cs;Thu Mar 24 21:36:53 CET 2016;BleskovÃ¡ odpovÄ›Ä @AndrejBabis na Ãºtok @PavelBelobradek za #ÄŒapÃ­HnÃ­zdo: ZdanÃ­me tunel cÃ­rkevnÃ­ restituce - @roklen24
1;po;713102524002209795;cs;Thu Mar 24 21:37:45 CET 2016;Jarda #Kudrna z @MountfieldHK ukonÄil svoji bohatou kariÃ©ru. Å koda, Å¾e se nemohl louÄit po vÃ­tÄ›znÃ©m zÃ¡pase... #jardodiky
1;po;713102716936040448;cs;Thu Mar 24 21:38:31 CET 2016;MusÃ­m uznat, Å¾e na Pavlu KadeÅ™Ã¡bkovi je s pÅ™estupem do Bundesligy vidÄ›t velkÃ½ posun - hlavnÄ› v osobnÃ­ch soubojÃ­ch obrovsky zesÃ­lil!
1;sp;713102963183587328;cs;Thu Mar 24 21:39:29 CET 2016;NehledÄ› na skÃ³re je to parÃ¡dnÃ­ fotbal! #czevssco
1;po;713103391807766528;cs;Thu Mar 24 21:41:12 CET 2016;MaÄarskÃ¡ vlÃ¡da odsouhlasila balÃ­Äek protiteroristickÃ½ch zÃ¡konÅ¯: MaÄarskÃ¡ vlÃ¡da dala ve stÅ™edu zelenou balÃ­Äku protiteroristickÃ½ch zÃ¡konÅ¯.â€¦
1;po;713103395972784128;cs;Thu Mar 24 21:41:13 CET 2016;Orloj, socha JoÅ¡ta i Å pilberk v BrnÄ› zezelenaly. MÅ¯Å¾e za to pivovar: TisÃ­ce lidÃ­ ve Ätvrtek v brnÄ›nskÃ½ch podnicÃ­châ€¦ #Brno_Brno_ZprÃ¡vy
1;po;713103400687173633;cs;Thu Mar 24 21:41:14 CET 2016;HokejistÃ© CSKA znovu porazili obhÃ¡jce Gagarinova pohÃ¡ru Petrohrad: I ve druhÃ©m utkÃ¡nÃ­ semifinÃ¡le play-offâ€¦ #Hokej_EvropskÃ©_ligy
1;po;713103441720123392;cs;Thu Mar 24 21:41:23 CET 2016;HradeckÃ¡ legenda se louÄÃ­... Jarda #Kudrna oznÃ¡mil po utkÃ¡nÃ­ konec svÃ© dlouhÃ© a ÃºspÄ›Å¡nÃ© kariÃ©ry. JARDO, DÄšKUJEME! 
1;po;713103511379005440;cs;Thu Mar 24 21:41:40 CET 2016;ÄŒR a Francie podle Sobotky odmÃ­tajÃ­ pÅ™erozdÄ›lovÃ¡nÃ­ uprchlÃ­kÅ¯: ÄŒesko a Francie nesouhlasÃ­ s trvalÃ½m pÅ™erozdÄ›lovÃ¡nÃ­m uprchlÃ­kÅ¯ mezi ÄlenskÃ©â€¦
1;po;713103512490487808;cs;Thu Mar 24 21:41:40 CET 2016;Jeden den hejtmanem bude Adam Mitrenga. Michal HaÅ¡ek jej provede po kraji: Adam Mitrenga je novÃ½m hejtmanem JihomoravskÃ©ho kraje. Tedyâ€¦
1;po;713103513002381312;cs;Thu Mar 24 21:41:40 CET 2016;"Dnes je to klasickÃ¡ ukÃ¡zka fotbalu - naÅ¡i hrajÃ­ dobÅ™e, majÃ­ hru pod kontrolou, ale prohrÃ¡vajÃ­." #gratulujeme
1;po;713104511439650816;cs;Thu Mar 24 21:45:39 CET 2016;Å½ena pÅ™iÅ¡la o 70 tisÃ­c korun v penÄ›Å¾ence 
1;po;713104874267762688;cs;Thu Mar 24 21:47:05 CET 2016;Po remÃ­ze 1:1 kluci uÅ¾ veÄeÅ™Ã­. O bod se brankou postaral FILIP STEHNO! 
1;po;713105160650825729;cs;Thu Mar 24 21:48:13 CET 2016;#samsungchallenge Samsung se chce stÃ¡t startupem prostÅ™ednictvÃ­m @lupacz
1;po;713105500100018176;cs;Thu Mar 24 21:49:34 CET 2016;A jedeme dÃ¡l - na VltavÄ› bude po pÅ™Ã­jezdu ÄÃ­nskÃ©ho prezidenta svÃ­tit terakotovÃ¡ armÃ¡da. 
1;po;713105785027444736;cs;Thu Mar 24 21:50:42 CET 2016;RT @fotbalova_repre: 46 | ZaÄal druhÃ½ poloÄas!  Martina FrÃ½dka na trÃ¡vnÃ­ku nahradil Jirka SkalÃ¡k.
1;po;713106155552116736;cs;Thu Mar 24 21:52:11 CET 2016;Praha 6 vracÃ­ Ãºder za rudÃ© ÄÃ­nskÃ© vlajky: PovÄ›sÃ­ na radnici tibetskou: O umÃ­stÄ›nÃ­ ÄÃ­nskÃ½ch vlajek na EvropskÃ© tÅ™Ã­dÄ› na Praze 6, vedenÃ­â€¦
1;po;713105590453682176;cs;Thu Mar 24 21:49:56 CET 2016;Stephens od stavu 3-1 neuhrÃ¡la ani gem a po debaklu 3-6 0-6 s Watson konÄÃ­.
1;po;713105676797681669;cs;Thu Mar 24 21:50:16 CET 2016;46 | ZaÄal druhÃ½ poloÄas!  Martina FrÃ½dka na trÃ¡vnÃ­ku nahradil Jirka SkalÃ¡k.
1;po;713106484956110849;cs;Thu Mar 24 21:53:29 CET 2016;RT @schwarzenbergk: VÄerejÅ¡Ã­ kamenovÃ¡nÃ­ BabiÅ¡e skonÄilo SobotkovÃ½ zvolÃ¡nÃ­m: "Kdo z vÃ¡s nemÃ¡ anonymnÃ­ akcie, aÅ¥ prvnÃ­ hodÃ­ kamenem!"
1;po;713111241342984192;cs;Thu Mar 24 22:12:23 CET 2016;Å petka rozhodnosti a zÃ¡sadovosti v podÃ¡nÃ­ KDU-ÄŒSL z poslednÃ­ch dnÅ¯. SlepÃ© stÅ™evo ÄeskÃ© politiky. #ÄŒapiHnizdo #kducsl 
1;po;713111344459997184;cs;Thu Mar 24 22:12:48 CET 2016;na hÅ™iÅ¡ti je podhrot PepsikolÃ¡Å™ âš½ #repre #CZEvsSCO
1;po;713111379696361472;cs;Thu Mar 24 22:12:56 CET 2016;Å¡patnÃ© zprÃ¡vy - a pÃ¡r ministrÅ¯ by mÄ›lo se mÄ›lo zamyslet a podat demisi. ProblÃ©my s posudky na Å¾ivotnÃ­ prostÅ™edÃ­... 
1;po;713111458805104642;cs;Thu Mar 24 22:13:15 CET 2016;Prohra a konec kariÃ©ry! Zrovna v Bolce mÄ› to se**, Å™ekl Kudrna z @MountfieldHK. #isportcz 
1;po;713111223408136193;cs;Thu Mar 24 22:12:19 CET 2016;HlÃ¡sÃ­te se k nÃ¡m? OdevzdÃ¡vÃ¡te diplomku? PodÃ¡vÃ¡te pÅ™ihlÃ¡Å¡ku ke SZZ? Myslete na to, Å¾e vÅ¡echny tyto Ãºkony je tÅ™eba stihnout do 31. bÅ™ezna. ğŸ¤”
1;po;713112057739091968;cs;Thu Mar 24 22:15:38 CET 2016;Gratulace kÃ¡moÅ¡kÃ¡m z FC SlovÃ¡cka, postup na euro je tam! #FCSlovacko  #WU17 
1;po;713111687692476418;cs;Thu Mar 24 22:14:09 CET 2016;RT @idrazan: Kalousek v UK: KdyÅ¾ uÅ¾ jste mÄ› uvedli jako bÃ½valÃ©ho lidovce, tak vÄ›Å™Ã­m, Å¾e pana BabiÅ¡e budete uvÃ¡dÄ›t jako bÃ½valÃ©ho komunistu.
1;po;713111611158953984;cs;Thu Mar 24 22:13:51 CET 2016;ZdanÄ›nÃ­ restituÄnÃ­ch nÃ¡hrad znamenÃ¡, Å¾e si stÃ¡t vymÄ›Å™Ã­ procento z hodnoty ukradenÃ©ho majetku jako svÅ¯j pÅ™Ã­jem. To jeÅ¡tÄ› nikde nevymysleli.
1;po;713112176773435394;cs;Thu Mar 24 22:16:06 CET 2016;Znojmo je ve finÃ¡le EBEL! ObrovskÃ¡ gratulace @orliznojmo, jeÅ¡tÄ› jeden krok! 
1;po;713112199384858624;cs;Thu Mar 24 22:16:11 CET 2016;ÄŒÃ­m vÅ¡Ã­m uctÃ­ Zeman ÄÃ­nskÃ©ho prezidenta? Botami od Bati, vÃ½stavou i salvou z dÄ›la: ÄŒÃ­nskÃ½ prezident pÅ™ijede v pondÄ›lÃ­ a zdrÅ¾Ã­ se doâ€¦ #Praha
1;po;713112209417568256;cs;Thu Mar 24 22:16:14 CET 2016;SoupeÅ™i ÄŒechÅ¯ v akci: tureÄtÃ­ fotbalistÃ© zdolali v pÅ™Ã­pravÄ› Å vÃ©dsko: Tenhle zÃ¡pas musel ÄeskÃ© fotbalisty extrÃ©mnÄ›â€¦ #Fotbal_Reprezentace
1;po;713112211875475456;cs;Thu Mar 24 22:16:14 CET 2016;Ekonom Michl: ÄŒÃ­na je nejsilnÄ›jÅ¡Ã­ ekonomika svÄ›ta. SpolknÄ›te pÃ½chu a pÅ™iznejte si to: Ekonom AleÅ¡ Michl promluvil ve ÄtvrteÄnÃ­m Interviewâ€¦
1;po;713112214324903936;cs;Thu Mar 24 22:16:15 CET 2016;Takto se jednÃ¡ s ÄŒÃ­Åˆany podle Pavla Å afra. Stoupenci prezidenta prÃ½ uÅ¾asnou: ÄŒeskou republiku ÄekÃ¡ historickÃ½ okamÅ¾ik. Do zemÄ› v srdciâ€¦
1;po;713112531569664000;cs;Thu Mar 24 22:17:31 CET 2016;Situace v Å˜ecku je zÃ¡vaÅ¾nÃ¡. Po zruÅ¡enÃ­ domÃ¡cÃ­ pohÃ¡rovÃ© soutÄ›Å¾e  navrhuje FIFA a UEFA zÃ¡kaz startu Å™eckÃ©ho... 
1;po;713112482211086336;cs;Thu Mar 24 22:17:19 CET 2016;Minecraft Gift Code Giveaway March 2016! prostÅ™ednictvÃ­m @Minecraft
1;po;713757001029926913;cs;Sat Mar 26 16:58:24 CET 2016;I za relativnÄ› nÃ­zkÃ© teploty nÃ¡s pÅ™ekvapilo hodnÄ› nadÅ¡encÅ¯. ZÃ­tra mÃ¡ bÃ½t pÅ™Ã­znivÃ© poÄasÃ­, tak uvidÃ­me jestli... 
1;po;713112218099916800;cs;Thu Mar 24 22:16:16 CET 2016;Abdeslam se zdÃ¡l policii unavenÃ½, tak ho vyslÃ½chali dosud jen hodinu via @echo24cz 
1;po;713112856812716033;cs;Thu Mar 24 22:18:48 CET 2016;Aritz Aduriz .. Objevovaly se pochybnosti nad nominaci .. No a tenhle 35lety utocnik Bilbaa rovna skore pratelaku s Italii.
1;po;713112953361457152;cs;Thu Mar 24 22:19:11 CET 2016;74 | Druhou Å¾lutou kartu ÄeskÃ©ho vÃ½bÄ›ru vidÃ­ Jirka SkalÃ¡k.
1;po;713113478941253633;cs;Thu Mar 24 22:21:17 CET 2016;Z vÃ½razu P. Vrby se dala vyÄÃ­st nespokojenost. Kdo by taky byl spokojenÃ½ s prÅ¯bÄ›hem, hlavnÄ› ve druhÃ© pÅ¯li..
1;po;713129855966117889;cs;Thu Mar 24 23:26:21 CET 2016;RT @pavla_horakova: Je nejlepÅ¡Ã­! @adriantbell prÃ¡vÄ› kÅ™tÃ­ novou desku v Royalu 
1;po;713130652326051841;cs;Thu Mar 24 23:29:31 CET 2016;RT @MarketingaMedia: NovÃ½m brand ambassadorem Zaplo.cz je kuchtÃ­k LÃ¡Äa HruÅ¡ka 
1;po;713130802603659264;cs;Thu Mar 24 23:30:07 CET 2016;Policie u PaÅ™Ã­Å¾e zmaÅ™ila dalÅ¡Ã­ pÅ™ipravenÃ½ atentÃ¡t: Policie ve Ätvrtek v severnÃ­m pÅ™edmÄ›stÃ­ PaÅ™Ã­Å¾e zatkla Francouze, kterÃ½ je podezÅ™elÃ½ zâ€¦
1;po;713130929561141249;cs;Thu Mar 24 23:30:37 CET 2016;Tomu se Å™Ã­kÃ¡ pech: politika NPD po bouraÄce zachraÅˆovali v Hessensku syrskÃ½ uprchlÃ­ci. 
1;po;713130485694726144;cs;Thu Mar 24 23:28:51 CET 2016;BruslaÅ™Å¯m gratuluje k postupu i bÃ½valÃ½ hrÃ¡Ä @bkboleslav ZbynÄ›k HRDEL. DÄ›kujeme! ğŸ’ğŸ‘ 
1;po;713131585709559808;cs;Thu Mar 24 23:33:14 CET 2016;Z Shakespearovy hrobky zÅ™ejmÄ› nÄ›kdo ukradl lebku, odhalil rentgen: Hrob dosud nebyl otevÅ™en, vÄ›dci jej zkoumajÃ­ pouze za pomociâ€¦ #ZahraniÄÃ­
1;po;713131106128756736;cs;Thu Mar 24 23:31:19 CET 2016;FrancouzskÃ¡ policie zmaÅ™ila dalÅ¡Ã­ pÅ™ipravovanÃ½ atentÃ¡t, oznÃ¡mil tamnÃ­ ministr vnitra 
1;po;713131562703912961;cs;Thu Mar 24 23:33:08 CET 2016;SkyNews s odkazem na BEL ministra vnitra: BÄ›hem protiteroristickÃ© operace ve Ätvrti #Schaerbeek v Bruselu bylo zadrÅ¾eno 5 lidÃ­.
1;po;713132056193196033;cs;Thu Mar 24 23:35:06 CET 2016;VIDEO: IzraelskÃ½ vojÃ¡k â€dodÄ›lalâ€œ zranÄ›nÃ©ho palestinskÃ©ho ÃºtoÄnÃ­ka 
1;po;713133059927904257;cs;Thu Mar 24 23:39:05 CET 2016;Agelky sfoukly Å ternberk a postupujÃ­. ChystajÃ­ lahÅ¯dku pro divÃ¡ky 
1;po;713133250542174208;cs;Thu Mar 24 23:39:50 CET 2016;RT @OEnergetice: Energiewende se stÃ¡vÃ¡ noÄnÃ­ mÅ¯rou velkÃ½ch energetickÃ½ch producentÅ¯ 
1;po;713133421690748929;cs;Thu Mar 24 23:40:31 CET 2016;RT @FilipHorky: SkyNews s odkazem na BEL ministra vnitra: BÄ›hem protiteroristickÃ© operace ve Ätvrti #Schaerbeek v Bruselu bylo zadrÅ¾eno 5 lâ€¦
1;po;713133335611109377;cs;Thu Mar 24 23:40:11 CET 2016;jak dlouho NÄ›mci s Energiewende vydrÅ¾Ã­? ZbÃ­daÄuje 2/3 jejich vlastnÃ­ vÃ½roby a niÄÃ­ i koncepce sousednÃ­ch stÃ¡tÅ¯ ... 
1;po;713133671520346112;cs;Thu Mar 24 23:41:31 CET 2016;RT @MorozMichal: Co jsme vÅ¡ichni tuÅ¡ili,teÄ potvrdil i Älen vlÃ¡dy. MinistrynÄ› pro socialistickÃ© experimenty je ve skuteÄnosti MarxovÃ¡ httpsâ€¦
1;po;713134070717366273;cs;Thu Mar 24 23:43:06 CET 2016;RT @PatriaCZ: BruselskÃ© letiÅ¡tÄ› zÅ¯stane zavÅ™enÃ© nejmÃ©nÄ› do pondÄ›lÃ­. - 
1;po;713134324007116801;cs;Thu Mar 24 23:44:06 CET 2016;Trump obvinil muslimy: Jsou zodpovÄ›dni za teror, chrÃ¡nÃ­ jeden druhÃ©ho: Washington - MiliardÃ¡Å™ a kandidÃ¡t na prezidenta USA Donald Trumpâ€¦
1;po;713134407704510465;cs;Thu Mar 24 23:44:26 CET 2016;RT @PatriaCZ: BritskÃ½ miliardÃ¡Å™ Richard Branson mÃ¡ v Ãºmyslu vrÃ¡tit na oblohu nadzvukovÃ¡ letadla. Jeho firma Virgin se proto...  - 
1;po;713134622142545921;cs;Thu Mar 24 23:45:17 CET 2016;RT @JaroslavPlasil: Ale tak ÄŒÃ­na Maledivy dneska 4:0. A hattrick Nianga Jinga. To uÅ¾ bychom fakt chtÄ›li moc, kdyby to vyÅ¡lo i na LetnÃ©.
1;po;713135386093088768;cs;Thu Mar 24 23:48:20 CET 2016;RT @BohumilVostal: NeuvÄ›Å™itelnÃ©, pokud je to pravda. Salah Abdeslam byl vyslÃ½chanÃ½ jen 1 hodinu mezi zadrÅ¾enÃ­m a bruselskÃ½mi Ãºtoky. https:/â€¦
1;po;713135955952197632;cs;Thu Mar 24 23:50:35 CET 2016;Policie u PaÅ™Ã­Å¾e podle ministra zmaÅ™ila dalÅ¡Ã­ pÅ™ipravenÃ½ #atentÃ¡t - Roklen24.cz prostÅ™ednictvÃ­m @roklen24 #Francie
1;po;713136099992928256;cs;Thu Mar 24 23:51:10 CET 2016;RT @CT24zive: FrancouzskÃ¡ policie zmaÅ™ila dalÅ¡Ã­ pÅ™ipravovanÃ½ atentÃ¡t, oznÃ¡mil tamnÃ­ ministr vnitra 
1;po;713136343639937024;cs;Thu Mar 24 23:52:08 CET 2016;ChtÄ›l jsem nÄ›co zmÄ›nit, vysvÄ›tlil Vrba po prohÅ™e poloÄasovÃ© stÅ™Ã­dÃ¡nÃ­ nejlepÅ¡Ã­ho hrÃ¡Äe FrÃ½dka: Pavel Vrba po porÃ¡Å¾ce fotbalistÅ¯ vâ€¦ #Fotbal
1;po;713136652739354624;cs;Thu Mar 24 23:53:22 CET 2016;Vrba po prohÅ™e: MÄ›l bych radÅ¡i hrÃ¡Äe, kteÅ™Ã­ by soupeÅ™e vÃ¡lcovali  
1;po;713137631924723715;cs;Thu Mar 24 23:57:15 CET 2016;Pan Bures zacina hlasovat s komunisty,svuj k svemu.Dekujeme za informaci stranickemu tisku @AndrejBabis @kscmcz 
1;po;713138699601580032;cs;Fri Mar 25 00:01:30 CET 2016;RT @pavelkout: UjasnÄ›me si toÂ â€” zdanÄ›nÃ­ cÃ­rkevnÃ­ch restitucÃ­ by bylo okradenÃ­ okradenÃ©ho. NavrhujÃ­ to pÅ¯vodnÃ­ zlodÄ›jiÂ â€” bolÅ¡evici. AÂ bolÅ¡evâ€¦
1;po;713138938559508482;cs;Fri Mar 25 00:02:27 CET 2016;Ve Francii a Belgii probÃ­hajÃ­cÃ­ velkÃ© razie. PodaÅ™ilo se zmaÅ™it teroristickÃ½ Ãºtok na PaÅ™Ã­Å¾ 
1;po;713140063895470080;cs;Fri Mar 25 00:06:55 CET 2016;Kadlecovi chybÄ›l Lafata Äi Å koda. ZkusÃ­me to do EURO vypilovat, Å™ekl 
1;po;713140985472004097;cs;Fri Mar 25 00:10:35 CET 2016;Mohlo to bÃ½t lepÅ¡Ã­, Å™ekl Koubek, novÃ½ muÅ¾ v brance reprezentace: TmavÄ› modrÃ½ dres, zelenÃ© rukavice a tradiÄnÄ› peÄlivÄ›â€¦ #Fotbal_Reprezentace
1;po;713141545441050627;cs;Fri Mar 25 00:12:48 CET 2016;RT @TheStudentTimes: Statisticky: obÄ›ti teroristickÃ½ch ÃºtokÅ¯ v zÃ¡padnÃ­ EvropÄ› od roku 1970. BÃ½valo mnohem hÅ¯Å™. via @StatistaCharts 
1;po;713142265875668992;cs;Fri Mar 25 00:15:40 CET 2016;NÄ›kdo musÃ­ z kola ven! Tohle je 5 borcÅ¯, kterÃ© by trenÃ©r Vrba nemÄ›l brÃ¡t na Euro 
1;po;713143036788740096;cs;Fri Mar 25 00:18:44 CET 2016;LimberskÃ½- nejhorÅ¡Ã­ hrÃ¡Ä na hÅ™iÅ¡ti! Ten nemÃ¡ v reprezentaci co dÄ›lat! #CZESCO
1;po;713300274664890368;cs;Fri Mar 25 10:43:32 CET 2016;RT @NoraFridrichova: VÃ­tÃ¡me v Praze soudruha ÄÃ­nskÃ©ho prezidenta.
1;po;713304435741618178;cs;Fri Mar 25 11:00:04 CET 2016;ÄŒÃ­nskÃ½ prezident v ÄŒR: ObchodnÃ­ dohody i bezpeÄnostnÃ­ opatÅ™enÃ­
1;po;713304776184729600;cs;Fri Mar 25 11:01:25 CET 2016;MuÅ¾ v Praze odÅ™Ã­zl vlajky, kterÃ© majÃ­ vÃ­tat ÄÃ­nskÃ©ho prezidenta. ZadrÅ¾ela ho policie: Jestli Å¡lo o pÅ™estupek, nebo trestnÃ½ Äin,â€¦ #Praha
1;po;713304778072195072;cs;Fri Mar 25 11:01:26 CET 2016;MagistrÃ¡t hl. m. Prahy: NÃ¡vÅ¡tÄ›vu ÄÃ­nskÃ©ho prezidenta budou provÃ¡zet mimoÅ™Ã¡dnÃ¡ bezpeÄnostnÃ­ opatÅ™enÃ­: PraÅ¾skÃ¡ policie pÅ™ipravila po dobuâ€¦
1;po;713304794744623105;cs;Fri Mar 25 11:01:30 CET 2016;RT @CT24zive: Obama jako prvnÃ­ prezident USA uctil obÄ›ti diktatury v ArgentinÄ› 
1;po;713322062023114752;cs;Fri Mar 25 12:10:07 CET 2016;NepÅ™ijel jsem vÃ¡s uÄit lidskÃ¡ prÃ¡va, chci se od VÃ¡s uÄit jak stabilizovat spoleÄnost. M. Zeman, prezident ÄŒR
1;po;713428713858285568;cs;Fri Mar 25 19:13:54 CET 2016;MalÅ¡ani budou potÅ™ebovat pomoc fanouÅ¡kÅ¯ v tÄ›Å¾kÃ©m souboji. Bude hezky, tak urÄitÄ› zajdÄ›te na diviznÃ­ fotbal. #fotbal
1;po;713435338136363008;cs;Fri Mar 25 19:40:14 CET 2016;Loni zemÅ™elo nejvÃ­ce motorkÃ¡Å™Å¯ za tÅ™i roky, pÄ›t z nich nemÄ›lo helmu: LoÅˆskÃ½ rok byl pro ÄeskÃ© motorkÃ¡Å™e nejtragiÄtÄ›jÅ¡Ã­ zaâ€¦ #ZprÃ¡vy_DomÃ¡cÃ­
1;po;713435803645566976;cs;Fri Mar 25 19:42:05 CET 2016;Karlovy Vary a LitvÃ­nov padajÃ­ do barÃ¡Å¾e o extraligu.
1;po;713435836021391361;cs;Fri Mar 25 19:42:12 CET 2016;DOPLNÄšNÃ: VyÅ¡etÅ™ovatelÃ© naÅ¡li DNA ÃºtoÄnÃ­ka z Bruselu u paÅ™Ã­Å¾skÃ©ho klubu Bataclan, kde teroristÃ© vraÅ¾dili loni
1;po;713435931345297411;cs;Fri Mar 25 19:42:35 CET 2016;Skupina ÃºtoÄnÃ­kÅ¯ niÄila vybavenÃ­ erotickÃ©ho baru, policie po nich pÃ¡trÃ¡
